State,Name,Location
Lagos,Paelon Memorial Clinic- ikeja,"9, Ajao Road Off Adeniyi Jones, Ikeja"
Lagos,Afrimed Specialist Hospital,Gbagada
Lagos,Healing Stripes Hospital,"Oniru Royal Estate, 6A/B Prince Alaba Oniru Way, Victoria Island Extension"
Lagos,First City Hospital,"17, Bamidele Street, Osapa London, Lekki, Ibeju-Lekki"
Lagos,Pediatric Partners Hospital,Lagos Island
Lagos,R-Jolad Plus,Gbagada
Lagos,Avon Medical Services,Surulere
Lagos,Budo Specialist Hospital,Lekki-Ajah
Lagos,Doren Specialist Hospital,Lekki-Ajah
Lagos,Emel Hospital,"Z Close, 21 Road, Festac Town"
Lagos,Golden Cross Infirmary (Hospital & Maternity),"2nd Avenue, 22 Road, Festac Town, Lagos"
Lagos,Lifeline Children Hospital - Lekki,Lekki-Ajah
Lagos,Lifeline Children Hospital - Surulere,Surulere
Lagos,Outreach Women & Children'S Hopital - Festac,"4th Avenue by 3rd Avenue Junction, Fectac Town, Lagos"
Lagos,Paelon Memorial Clinic- v/i,Victoria-Island
Lagos,Renaissance Medical Services Ltd,Victoria-Island
Lagos,Vedic Lifecare,"Block 105 Olabanji Olajide Street, Lekki phase 1"
Lagos,Ameso Specialist Hospital,"7, Jumat Olukoya Street, Ogudu, Lagos."
Lagos,Aniyun Hospital Ltd,"3, Femi Aderibigbe Close, Ifako, Gbagada, Lagos"
Lagos,Araba Medical Centre,Abule-Egba
Lagos,Blue Cross Hospital,Ogba
Lagos,BRONK PREMIERE HOSPITAL,"Oshota b/stop, After Elepe b/stop, Ijede Road, Ikorodu, Lagos."
Lagos,Crystal Specialist Hospital,"148/150 AKOWONJO ROAD, AKOWONJO, EGBEDA, LAGOS,"
Lagos,Divine Medical Centre,"53, Norman Williams Street, Off Ribadu Road, South West, Ikoyi, Lagos."
Lagos,Eko Hospital,Ikeja
Lagos,Faith Care Hospital,Amuwo-Odofin
Lagos,Faith City Hospital- Ajao estate,"16, Asa-Afariogun St., Off Osolo Way, Ajao Estate, Lagos"
Lagos,Faleti Medical Centre,Ajeromi-Ifelodun
Lagos,First Dominican Hospital,"27, Aljahi Masha Road, By Masha B/stop, Surulere, Lagos."
Lagos,First Graceland Hospitals- Ajah,Lekki-Ajah
Lagos,Germaine Health Centre,Lekki-Ajah
Lagos,HighRocks Hospital- Oshodi,Oshodi-Isolo
Lagos,Holyfill Hospital,"1, Onafowokan Street, Owutu Agric Ikorodu, Lagos."
Lagos,IFPF Hospital,Maryland
Lagos,Isalu Hospital Limited,"349B, Odusami Street, Off Wempco Road, By AY Hotels, Ogba Ikeja, Lagos"
Lagos,Katis Medical Centre,"1,Shamsideen Jaiyesimi Street, Aga Ikorodu, Lagos."
Lagos,R-Jolad Hospital Nigeria Limited(kupa),"6 Olabode street, Ajao Estate"
Lagos,Lifesource Hospital,Ikorodu
Lagos,Louismed Hospital,Lekki-Ajah
Lagos,Motayo Hospital,Ikeja
Lagos,"Carepoint Hospital, Ojo (Muskat Hospital)","9, Abbi Street, Off Shibiri Road, Rasaki B/stop, Ilemba Awori, Ojo, Lagos."
Lagos,Newgate Medical Services Ltd - Ikorodu,Ikorodu
Lagos,Oak Hospitals,Agric bus stop
Lagos,Primus Hospital Ltd,Surulere
Lagos,Rhowil Total Care Medical Centre,"Satellite town, Amuwo-Odofin Lagos"
Lagos,Rivet Specialist Hospital,Alimosho
Lagos,R-Jolad Hospital Nig. Ltd,"1, Akinyede Street, By New Garage Bariga, Gbagada Lagos"
Lagos,The Royal Infirmary Hospital,Badore Road
Lagos,Royan Hospital,"72, Aina Street, Ojodu Berger, Lagos."
Lagos,St. Joseph Medical Centre,Alimosho
Lagos,Talent Specialist Hospital,Egbeda Lagos
Lagos,The Excellence Hospital (Omots Medical Services Ltd),"5, Alogba Street, Off Ibeshe Road, Opp. Voice Of Nigeria, Ebute, Ikorodu, Lagos."
Lagos,The Shepherd Medical Centre,Opebi
Lagos,Abbey Medical Centre,Ajeromi-Ifelodun
Lagos,Ademola Hospital And Maternity,"1, Omowale Street, Ijanikin, Lagos"
Lagos,"All Soul's Hospital Ltd, Ajegunle",Ajeromi-Ifelodun
Lagos,All Souls Infirmary Hospital,Agege
Lagos,Ayodele Medical Centre,"1, Ayodele close, off Jonathan Coker road, Fagba Junction, Iju-Agege, Lagos"
Lagos,Bee Hess Hospital,"155, Akowonjo road, Akowonjo, Lagos"
Lagos,Bestcare Hospital,"2A, KEFFI STREET, S/W IKOYI, LAGOS"
Lagos,Bidems Victory Hospital,Ikorodu
Lagos,Blajeh Mustapha Hospital (Bmh),Lagos-Island
Lagos,Bose Specialist Hospital,Oshodi-Isolo
Lagos,Brickfield Medical Centre,Ebute-Metta
Lagos,Broad Hospital,Ikotun
Lagos,County Hospital Ltd,"41-45 Isheri Road, Ogba"
Lagos,Crest Hospital,Igando
Lagos,Dako Medical Centre,Olodi-Apapa
Lagos,Deji Clinic - Ketu,"1] 5, Doyin Omololu Street, Off Mr Biggs junction, Oba-Nle Aro Bus Stop, Ketu Alapere.2] 56 Agbado rd Iju-Ishaga"
Lagos,De-New Aiyetoro Medical Centre,"3, Samson Street, Ibasa-Nla Aiyetoro Ijanikin"
Lagos,Dialyzer Medical Centre,Oshodi-Isolo
Lagos,El-Dunamis Medical Centre,Isheri-Olofin
Lagos,Elphy Specialist Hospital,Okokomaiko
Lagos,Fanimed Hospital,"1,LILY  ROAD, LSDPC MEDIUM HOUSING ESTATE, PHASE IV, OBA OGUNJI ROAD,OGBA, IKEJA, LAGOS"
Ogun,Faramed  Clinics- Joju road,"37, Akinwunmi Street,  Joju Road, Sango Ota, Ogun State"
Lagos,Finnih Medical Centre,Ikeja
Lagos,AFolabi Vincent Memorial Hospital,78 Oworo Road Oworonshoki
Lagos,Glad Tidings Medical Centre,Alimosho
Lagos,Gloria Hospital Limited,Anthony-Village
Lagos,Goodness Medical Centre,Ajangbadi
Lagos,Graceland Medical Centre,"Km 5, LASU-Isheri express road, Opposite Iba housing estate"
Lagos,Hamkad Hospital Nigeria Ltd.,Abule-Egba
Lagos,Heda Hospital,Oshodi-Isolo
Ogun,Hetta Medical Centre,"15, Martina Road, Sango Ota, Ogun State"
Lagos,Hillstar Clinics Nig. Ltd,Mushin
Lagos,Ikeja Medical Centre,"11, Ogunmodede Street, Off Allen Avenue, Ikeja"
Lagos,J.A. Lashman Hospital,Ogba
Lagos,Jefis Specialist Hospital Ltd,Agege
Lagos,Kaaf Medical Laboratory And Maternity Centre,Lagos-Mainland 
Lagos,Kiladejo Medical Centre,"15, PPL Road, Okokomaiko"
Lagos,Krown Hospital &Maternity Centre,Iyana-Ipaja
Lagos,Ladi-Lak Medical Centre,"Ladi-lak,Barriga"
Lagos,Lex Medical Centre,"5, RALIAT ALABI STREET, IYANA MEIRAN, IJAIYE-OJOKORO, LAGOS"
Lagos,Longing Medical Centre,Ijaiye
Lagos,Lota Medical Centre,Isheri-Olofin
Lagos,Mercy Thomas Oredugba Medical And Dental Centre,Surulere
Lagos,"Mucas Hospital Limited,",Dopemu
Lagos,Nusamin Clinic And Hospital Limited,Surulere
Lagos,"Osuntuyi Medical Centre, Iju",Ijumu 
Lagos,"Osuntuyi Medical Centre, Obanikoro",Obanikoro
Lagos,Petros Foundation Hospital,"20, Seinde Calisto str., off Mile 2-Oshodi Exp/Way, oshodi"
Lagos,Promise Medical Centre - Dopemu,"132, Dopemu road, Dopemu Agege, Lagos"
Lagos,Rophe Medical Centre,Agbara
Lagos,Safeway Hospital And Maternity,"Km 46, Lekki-Epe Express way Sangotedo, Lagos"
Lagos,Samaria Hospital,Okota
Ogun,Shirish Clinic,"Okoh crescent, powerline, off maltina road, beside jacob school, sango otta, Ogun state."
Lagos,Smith Medical Centre,"No 8 Afric Road, Off Funsho Williams Avenue (Western Avenue), Olaleye Estate, Iponri, Surulere, Lagos"
Lagos,St Raphael Hospital Ltd,"114, Lateef Adegboyega Street, Off Ago Okota Palace Way, Okota, Lagos"
Lagos,St. Louis Medical Centre,Apapa
Lagos,St. Luke's Hospital-LAGOS,Yaba
Lagos,"St. Mary'S Specialist Hospital, Ojodu",Ojodu-Berger
Lagos,St. Raphael Divine Mercy Specialist Hospital,"Along Ijede Road, Ikorodu Lagos State"
Lagos,Subol Hospital,Idimu
Lagos,The Brighthope Specialist Hospitals,"530, Lateef Jakande Road, Agidingbi, Ikeja, Lagos."
Lagos,Topaz Clinic & Maternity,Surulere
Lagos,Veta Hospitals Ltd,"1, Veta Close, Araromi B/Stop, Lagos-Abeokuta Exp., Iyana Ipaja"
Lagos,Victoria Memorial Clinic And Maternity - Lagos,Agbara
Lagos,Arubah Family Medical Centre,"9, Kudirat Salami Street, Agungi Lekki, Lagos."
Lagos,Mount Sinai Hospital - Egbe,Egbe
Lagos,Shepherd Specialist Hospital(festac),"Plot 1619, 4th Avenue, E Close, opposite Mobil Petrol Station, Festac Town"
Lagos,We Care Hospital,"1, Oguntona Crescent, Gbagada Phase 1,  Lagos State"
Lagos,Primrose Specialist Hospital,"4 OLUSOLA OLUDE CLOSE, OFF LANRE AWOLOKUN, Gbagada Phase 2, Lagos"
Lagos,Deji Clinic - Iju Ishaga,Iju
Lagos,Duro Soleye Hospital,Ikeja
Lagos,Deseret International Hospital,"12,Sobo Arobiodu Street, G.R.A, Ikeja, Lagos"
Lagos,Oladapo Hospital,Ikorodu
Lagos,Outreach Children's Hospital- Okota,"123 OKOTA ROAD, OPP. SLOT, OKOTA, LAGOS"
Lagos,Ayo Clinic,Ketu
Lagos,Elegbeleye Specialist Hospital,Ketu
Lagos,Yomi Clinic,Ketu
Lagos,Mount Sinai Hospital - Mushin,Mushin
Lagos,Caremax Hospital,"No. 12 Asajon Street, Sangotedo Off Lekki Epe Express Way Lagos State"
Lagos,AB Specialist Hospital,Surulere
Lagos,Mount Sinai Hospital - Surulere,"30, Falolu Street, Surulere"
Lagos,Uwemedimo Hospital,Surulere
Lagos,Parklande Hospital,"13, Razaq Balogun Street, Surulere, Lagos"
Lagos,Macedonia Specialist Hospital,"28, Ijaiye Road, Ogba, Lagos"
Lagos,Ropheka Hospital,Egbeda
Lagos,Holy Trinity Hospital,Ikeja
Lagos,Alpha Central Hospital and Maternity,Alimosho
Lagos,St. Edward Specialist hospital and Cardiac Centre,"4, Dolapo Oshinaike Street, Off Addo Road, Ajah, Lagos"
Lagos,Avon Clinic,Lagos-Island
Lagos,CHION Hospital,Maryland
Lagos,Dolu Hospital,Oshodi-Isolo
Lagos,Oohbee Hospital,"1, Kudaki Road, Hostel B/stop, Egbe, Alimosho, Lagos"
Lagos,Prince and Princess Hospital - Apapa,"191, Ojo Road, Ligali Bus Stop. Ajegunle- Apapa"
Lagos,Prince and Princess Hospital - Egbeda,"12th Road, Gowon Estate, Egbeda"
Lagos,DR ABIMBOLA AWOLIYI MEMORIAL HOSPITAL,Lagos-Island
Lagos,CHILDKID CHILDREN HOSPITAL,Ogudu
Ogun,St. Shiloh Medical Centre,"2, Popoola Street, Igbala, Sango Otta"
Lagos,Fame Medical Services,Sango-Ota
Lagos,Dove Hospital,"Adewale Bust Stop, Badore, Ajah, Lagos."
Lagos,SONEX CLINICS LTD,Olodi-Apapa
Oyo,Molly Specialist Hospital,"6, American Quarters, yidi, Agodi G.R.A., Ibadan"
Oyo,Oke Ado Hospital,"Sw7/217 Ibukun-olu Street, beside allayande school of science Oke -Ado Ibadan."
Oyo,Beta Life Hospital And Maternity Home- Oke Ado,Ibadan
Lagos,Magna carta health limited,Ikoyi
Lagos,Guardian Health limited,182 EKORO ROAD BY UPSTAIRS  BUS STOP ABULE EGBA LAGOS
Lagos,Silkin Hospital,Ogba
Lagos,Peachcare Medical Centre,Ogudu
Lagos,Pharcept Hospital,Ikorodu
Lagos,Optimal Specialist Hospitals Ltd,"9, Gbaja Street, Surulere, Lagos."
Lagos,MARY ADE SPECIALIST HOSPITAL,"Plot 24, Shittu Animashaun Street, off Joguoni Street, Gbagada Phase 2, Lagos."
Lagos,Mercygate Hospital,Egbeda
Oyo,Unity Medical Centre,"Eleyele Road, Eleyele Ibadan"
Lagos,Jobi  Clinic and Maternity,Ikorodu
Lagos,Prince of Peace Hospital & Maternity Centre,"3, Omo Oba Shibajo Way, Agbede Transformer, Ita Oluwo Road, Ikorodu"
Lagos,Fineview Specialist Hospital,ELEBIJU BUS STOP
Lagos,INLAND SPECIALIST HOSPITAL- KETU,"11, BOLA OWODUNNI STREET BEHIND ESKAY FILLING STATION, ALAPERE, KETU."
Ogun,RUBEE MEDICAL CENTER,"Km 38, Abeokuta Motor Road, Sango-Otta"
Lagos,G&S medical and dental Hospital,"15, Muyibi Street, 1st Junction Bus Stop, Oke Ira Road, Aguda, opposit Excellence hotel ogba, Lagos"
Lagos,Solid Rock Hospital,Ojodu-Berger
Abuja (FCT),Unity Clinics and Maternity,"PLOT D1, PHASE 2, GADO NASCO WAY, KUBWA, ABUJA"
Abuja (FCT),Jethrone Hospital And Diagnostic Cetre,"PLOT 44, NYSC ROAD, GBAZANGO BY FRSC, KUBWA, ABUJA"
Abuja (FCT),Pison Hospital,KUBWA
Abuja (FCT),St Catherine's Specialist Hospital- Abuja,"6, ODIENNA CLOSE, OFF LIBREVILLE STREET, OFF AMINU KANO CRESCENT, WUSE II, ABUJA."
Abuja (FCT),Dara Clinics,ABUJA
Abuja (FCT),Prime care Hospital,"PLOT 75, ROAD 321, OFF 3RD AVENUE, GWARIMPA"
Abuja (FCT),Amana Medical Centre,"No 5, ilorin Street, off Ogbomosho street Area 8, Garki, Abuja ( After chicken Republic and Tonia pharmacy, take left at the junction)"
Abuja (FCT),Alliance Clinics and Services- area 11,"PLOT 801, NO 5, MALUMFASHI CLOSE, OFF EMEKA ANYAOKU STREET, AREA 11 (ELEVEN), GARKI, ABUJA."
Abuja (FCT),Zitadel Medical And Diagnostic Centre,"PLOT 417 FIRST AVENUE, GWARIMPA, ABUJA"
Oyo,Badejoko Hospital,Mokola
Oyo,Bethel Specialist Hospital,Mokola
Oyo,Group Medical practitioners ltd Hospital,"MOKOLA ROUNDABOUT, IBADAN, OYO STATE"
Oyo,Kejide Specialist Hospital,"SW9/704A, ELEWURA STREET, CHALLENGE, IBADAN, OYO STATE"
Oyo,Lanark Specialist Hospital,"8 WURAOLA ESAN CLOSE OFF NEW ADEOYO STATE HOSPITAL ROAD RING ROAD IBADAN, OYO STATE"
Oyo,Redeemers Health centre- ibadan,"37, AWOLOWO AVENUE BODIJA, IBADAN, OYO STATE"
Oyo,ST ANNE'S HOSPITAL,"9, MOREMI ROAD, OFF AARE AVENUE, BODIJA, IBADAN,OYO STATE"
Oyo,Teju Specialist Hospital,"6, ALH. ANIMASHAUN STREET, RING ROAD, IBADAN, OYO STATE"
Oyo,The Vine Hospital And Maternity Centre,"Plot 10 BLOCK 24,ALAFIN AVENUE ,OLUYOLE EXTENSION, IBADAN, OYO STATE"
Niger,suzan memorial clinic and maternity,"UPHILL SULEJA, NEAR SULEJA CLUB, G.R.A. NIGER STATE"
Kwara,Olanrewaju Hospital,Kwara
Oyo,Tobi Medical Centre,"s5/473 Felele Layout, ibadan"
Oyo,Toun Memorial Hospital,km 1/2 New ife road ibadan
Nasarawa,Adonai Hospital,"2, ADONAI CLOSE, OFF OLD KARU ROAD"
Nasarawa,Nasara Hospital and Maternity,Keffi
Nasarawa,"Our Lady of Apostle Hospital, Akwanga","P.O. Box 35, Akwanga, Nassarawa State."
Plateau,Samantha Lucille Hospital,Jos North
Plateau,Parkview Family Medicine Royal Hospital,"1, DOMKAT BALI WAY BY SOLOMON LAR AMUSEMENT PARK, JOS, PLATEAU STATE"
Borno,Nakowa Specialist Hospital,"16, Lagos Street Maiduguri"
Kogi,Poly Hospital & Maternity Home,"4, Janet Ekundayo Road, G.R.A. Lokoja, Kogi State"
Kogi,Hillcrest Hospital and Maternity,Lokoja
Delta,Pal Clinic,Warri
Delta,Vertimon Clinic,Warri North
Delta,Regal Hospital- warri,Warri North
Delta,"Dayspring Clinic, Warri","PLOT 708 2ND ST DDPA (BENDEL ESTATE), WARRI"
Anambra,Harmony Specialist Hospital Awka Anambra State,Awka
Oyo,Vine Branch Medical Centre,Mokola
Kano,Barewa Clinics And Maternity,Kano
Kano,Excellence Clinics and Maternity,Kano
Kano,Greenlands Specialist Hospital,"49A Sarkin Yaki Noman's Land, kano"
Kano,International Clinics And Hospitals Ltd,Kano
Kano,Ivory Clinic And Maternity,Kano
Kwara,Yusjib Industrial Medicare,Ilorin
Rivers,Acron Medical Consultants,"NO1, ACRON AVENUE, BEHIND 28 STADIUM ROAD, G.R.A. PHASE IV, PORT HARCOURT"
Rivers,Austine Rapha Clinic and Maternity,Port-harcourt
Rivers,Bechs Specialist Hospital,Port-harcourt
Rivers,Corban Medicals Limited,Port-harcourt
Rivers,Datta Medical Centre Limited,"21A Woji Road, off Aba Road, Opposite Genesis FastFood Woji"
Rivers,First Rivers Hospital,"7/9 Old Aba Road, Rumuomasi/250 Aba Expressway PortHarcourt."
Rivers,Kendox Medical Centre,"7, Moses Chinda Avenue, off 194 Old Refinery Road, Elelenwon, Port Harcourt"
Rivers,New Heights Consultants,"Plot 200, Rumuogba Estate by Bridge Bustop Beside Genesis  GuestHouse Rumuogba"
Rivers,Pearl Clinics And Maternity,Port-harcourt
Rivers,Providence Clinic And Maternity,Port-harcourt
Rivers,Raziela Specialist Clinic,"7, William Ajikere Street, Stadium Road, PortHarcourt"
Rivers,Sonabel Medical Centre- Orazi,"No 14, Owabie Road, Mile 4 Market Road, Off Ikwere Road, Orazi PortHarcourt"
Edo,Maviscope  Hospital And Fertility Centre,Sapele
Lagos,Soteria Maternity And Hospital,"Plot 2B, CLAM Avenue, Off Omole, Ikeja, Lagos"
Abuja (FCT),Queens Clinic Limited,WUSE
Abuja (FCT),Kings Care Hospital- WUSE,"PLOT 2181,IBB WAY WUSE ZONE 4 , ABUJA"
Abuja (FCT),Kings Care Hospital -Mararaba,"2, KINGSCARE CRESCENT, MARARABA, ABUJA"
Abuja (FCT),Dr Hassan's Hospital And Diagnostics Centre,"Close to Farmers Market, Behind I G House"
Abuja (FCT),The Limi Hospital,"PLOT 1487, LEE MOSES ISEKO STREET, CBD, ABUJA"
Lagos,Medison Specialist Women Hospital,"18b, Olatunji Moore street, off TF Kuboye, Lekki Phase 1"
Rivers,Clean Springs Specialist Hospital,Port-harcourt
Rivers,Meridian Hospital,"21 IGBOKWE STREET, D/LINE,PORT HARCOURT, RIVERS STATE"
Rivers,Pamo Clinics And Hospital,"NO 300 ABA ROAD, RUMUOMASI PORT HARCOURT."
Rivers,Mindaid Hospital,"No.  8 rumuogba estate road,  Port Harcourt"
Rivers,Paragon Clinics And Imaging,"96, Stadium Road, Portharcourt"
Rivers,Shawsand Medical Centre,"KM 14, PORTHARCOURT-ABA EXPRESSWAY"
Rivers,ST. Catherine's Specialist Hospital -Rivers,"14, TRANS WOJI ROAD, WOJI PORT HARCOURT"
Rivers,Tehilah Children Hospital,Port-harcourt
Rivers,Ultimate Specialist Clinic And Hospital,"NO 67, ROYAL AVENUE, OFF PETER ODILI, ABULOMA-OKURU LINK ROAD, PORT HARCOURT"
Rivers,Sonabel Medical Centre - Eleme,Port-harcourt
Lagos,ST DANIEL HOSPITAL- Lagos,Gbagada
Delta,ICON HOSPITAL,"303, NNEBISI RD, ASABA, DELTA STATE"
Delta,St Lukes Hospital -ASABA,Asaba
Delta,KOWA CLINICS,Ugheli
Delta,UFOR HOSPITAL,"Uloho Avenue, Ughelli"
Delta,BRYANT HOSPITAL LIMITED,Warri
Delta,BU CLINIC / HOSPITAL LIMITED,Warri
Delta,CAPITOL HILL HOSPITAL,Warri
Delta,HEALING STREAMS CLINICS AND MATERNITY,ROAD BEHIND ECO BANK BY DECO ROAD TOWARDS IGBUDU M
Delta,LILY HOSPITAL-WARRI,"6 BRISBE STREET, OFF ETUWEWE ROAD OFF DECO ROAD, WARRI DELTA STATE"
Delta,WESTEND  HOSPITAL,Warri
Delta,TWINS CLINIC & MATERNITY,Warri North
Abuja (FCT),Kings Care Hospital- KUBWA,"NO 7 CHRISTMAS STREET, PHASE IV, KUBWA"
Lagos,FaithHills Specialist Hospital,Iyana-Ipaja
Lagos,Citizen Medical Centre,Ikoyi
Lagos,Grover Medical's Lifestyle clinic,Lagos Island
Lagos,Preston Hospital,Lekki-Ajah
Lagos,Lagos executive cardiovascular clinic (LECC),Lekki-Ajah
Lagos,Triumph Medical Centre,Ikeja
Lagos,Layole and sons hospital limited,Ogba
Lagos,Derabs Medical Center,Ikorodu
Abuja (FCT),LOUIS PASTEUR HOSPITAL COMPLEX LTD,"813C, 64 CRESCENT, GWARINPA 2 ESTATE, MAP GLOBAL JUNCTION, ABUJA"
Abuja (FCT),DEDA HOSPITAL,"Along Katampe Road, beside ABC cargo, Jahi, ABUJA"
Abuja (FCT),CHILDCARE AND WELLNESS CLINICS,"26, ANTHONY ENAHORO STREET, UTAKO, ABUJA."
Abuja (FCT),HI-FI HOSPITAL,"Plot 1207, Trans Engineering Layout, Dawaki, Abuja."
Abuja (FCT),MICHAEL CROSS SPECIALIST HOSPITAL,"Karu, Abuja     phone no  08026378305, 08144960037"
Kogi,OMEIZA ALI HOSPITAL,Lokoja
Anambra,Mercy Specialist Hospital And Maternity,Onitsha
Kwara,Delnik Hospital,Ilorin
Kwara,OLALOMI HOSPITAL-ILORIN,"28, Stadium Road Ilorin"
Kwara,SADIKU HOSPITAL,Ilorin
Kaduna,SALVATION HOSPITAL - KADUNA,"20, MAYERE ROAD, BARNAWA PHASE II, KADUNA."
Kaduna,SEFA SPECIALIST HOSPITAL,"3, COLLEGE ROAD, KADUNA"
Osun,Oba Adenle Memorial Hospital,"FC7, Oke Ayeso Street, Ilesha, Osun State"
Osun,"APEX MEDICAL CENTRE, ILE-IFE","133, ibadan road, ile-ife."
Osun,LAUTECH TEACHING HOSPITAL,Oshogbo
Osun,ONWARD HOSPITAL,"Agunbelewo Ilobu Road, Agunbelewo, Osogbo, Osun, Nigeria"
Ekiti,UNIQUE CONSULTANTS HOSPITAL,"20, Hospital road,  Adebayo, Ado-Ekiti ( close to christ's school)"
Ekiti,EDEN LIFE HOSPITAL SPECIALIST HOSPITAL,Ekiti
Borno,BORNO MEDICAL CLINIC,Maiduguri
Borno,ZAMAN CLINICS,Maiduguri
Lagos,Zoe Medical Centre,Ikeja
Lagos,St Ives Specialist- opebi,12 Salvation road Opebi
Lagos,Care givers hospital,Badagry 
Lagos,God’s Favorite Medical Centre,Badagry 
Lagos,Adebayo Living Tower Hospital,Badagry 
Lagos,CHRIST FOUNDATION HOSPITAL,"82  ALHAJA SINOTU AJAYI ROAD, MOROGBO AGBARA, LAGOS"
Lagos,Ibijola Medical center,Agbara
Lagos,St Ives Specialist- ikoyi,6 Maitama Sule Street Off Awolowo Road Ikoyi
Lagos,St Ives Specialist Family clinic- akowonjo,"129 Akowonjo Road, Akowonjo, Lagos."
Lagos,Light Hospital and Maternity,Alimosho
Lagos,COTTAGE MEDICARE HOSPITAL,Yaba
Lagos,Bridge clinic Medical Centre- ikeja,Ikeja
Lagos,Bridge Medicentre- Ikotun,Ikotun
Ondo,Hopeland Specialist Medical Centre,Akure
Ondo,First Mercy Specialist Hospital,"19c, Gbogi street, off oyemekun road"
Abuja (FCT),Green Acres Hospital Ltd,"1, ALIYU BABANGIDA STREET, SUNNY VALE HOMES, ABUJA."
Abuja (FCT),Rouz Hospital And Maternity Ltd,Apo
Abuja (FCT),Excel Specialist Hospital and Fertility Center,Abuja Municipal
Abuja (FCT),Sybron Medical Centre,"25, MUNGO PARK CLOSE, ASOKORO EXT, ABUJA."
Abuja (FCT),Peniel Eye Clinic and Surgery,"4B, Mwanza close, off Idimba Str, Wuse Zone3, Abuja."
Abuja (FCT),Tolbert Specialist Hospital,No  17 Democracy Crescent Gaduwa Estate Abuja Nigeria
Abuja (FCT),GUINEA SAVANNAH MEDICAL CENTRE,Garki 2
Abuja (FCT),Fereprod Medical Centre,"OBBO CRESCENT, OFF AHMADU BELLO WAY GARKI"
Abuja (FCT),Angelic Care Hospital,GARKI
Abuja (FCT),ST MARYS CATHOLIC HOSPITAL,Gwagwalada
Abuja (FCT),Medimax Hospital,Garki
Abuja (FCT),The Peake Specialist Hospital (Salama Infirmary),"NO 24, 64 CRESCENT, OFF CHARLY BOY BOULEVARD, GWARIMPA"
Abuja (FCT),Arewa Specialist Hospital,Jabi
Adamawa,Newboshang Hospital,Yola
Anambra,Toronto Hospital,Onitsha
Bayelsa,GLORYLAND-I.N.R.I. MEDICAL CENTRE,Yenogoa
Bayelsa,Tobis Clinic and Consultants,"KM 14, CHIEF MELFORD OKILO ROAD,AKENFA, YENAGOABAYELSA STATE"
Delta,Liberal clinic,Sapele
Delta,Sage Clinic,"29,OKERE/ UGBORIKOKO ROAD WARRI, DELTA"
Delta,Fairview Hospital,Warri south/warri
Ekiti,MATERNAL AND CHILD SPECIALIST CLINICS,"Block 1,2,3, Adebayo Estate, Former UNAD Health Centre, Adebayo, Iworoko Road,(Beside SLOT shop). @ Behind Immigration Office,off Polytecnic Road Ado-Ekiti"
Ekiti,ADE-TADE HOSPITAL,"55, OKEBOLA STREET"
Abuja (FCT),Softshell Specialist Hospital,KUBWA
Lagos,Rem-Yems Hospital ltd,Alagbado
Lagos,Mayriamville Medical center,"144, Bode Thomas , surulere , Lagos"
Kaduna,Almadina Hospital,"28 QUEEN ELIZABETH ROAD, GRA ZARIA"
Kaduna,Salama Infirmary (Hospital & Maternity),"2,SOKOTO ROAD, KWANGLA JUNCTION"
Kaduna,Chasel Hospital,"15A, Isa kaita Road, Kaduna"
Kaduna,Harmony Hospital-KADUNA,"74. Narayi road, opposite space 2000  BARNAWA GRA KADUNA"
Kaduna,Horeb Specialist Hospital Ltd.,"MD 7/8, AHMED ROAD, (BEHIND POWA SHOPPING COMPLEX) OFF CONSTITUTION ROAD, KADUNA."
Katsina,"Federal Teaching Hospital, Katsina",Katsina
Katsina,K-Dara Specialist Hospital Katsina,Katsina
Kogi,"Niger Hospital, Lokoja",Lokoja
Kwara,Adeyemo Hospital,Omu-Aran
Niger,Top Medical Centre,Tunga
Ogun,First Alpha Medical Centre,"11-13,KUFORIJI - OLUBI DRIVE, ADIGBE, ABEOKUTA"
Ogun,Itunu Hospital,Abeokuta
Ogun,O and A Medical centre Ltd.,Abeokuta South
Ogun,Balda Hospital,Akute
Ogun,Kingsmith Hospital & Maternity,12 OJODU BERGER STREET AKUTE
Ogun,Comfort Clinic and Maternity,"3, Ganiyu Ayinla street, off celestial avenue, Ereko quaters , Ibafo, ogun state"
Ogun,Amazing Grace Clinic- ijebu ode,"NO 7 ILORO STREET,OFF NEW ROAD,IJEBU ODE"
Ogun,Olu-Ola Hospital,"NO 12B ODEOGBO STREET,IJEBU ODE"
Ogun,Abundant Life Hospital Ltd.,Ijebu-ode
Ogun,Beachland Specialist Hospital,"16, AL-FRIDAUS ESTATE, AREPO. OFF LAGOS-IBADAN EXPRESS WAY, OGUN STATE."
Oyo,The Redeemers Health Centre-ogun state,Redemption camp
Ogun,Promise Medical Centre-sango,Sango-Ota
Ogun,El- Bethel Medical centre- Ogun,"31 dantajira street, sabo , sagamu , ogun state"
Ogun,Imperial Specialist Hospital,Sagamu
Ogun,Owokoniran Memorial Hospital,"3, Owokoniran Street, Station Makun, Sagamu, Ogun State"
Ogun,Alpha Clinic,Sagamu
Ogun,MEDYTOP SPECIALIST HOSPITAL,Sagamu
Oyo,Ireti Oluwa Hospital,"sawmill Area, Apake, Ogbomoso"
Oyo,Shalom Medical Centre,"Sabo Area, Ogbomoso"
Ondo,Christ Hospital,Owo
Rivers,Atinu Critical Care Hospital,Port-harcourt
Rivers,Cumi Medical Centre,"2, LIFT UP CLOSE, OFF EZEGBAKAGBAKA ROAD, WOJI, PORT HARCOURT, RIVERS."
Rivers,Green Care Medical Consultants,Port-harcourt
Rivers,Ofure Specialist,Port-harcourt
Rivers,Rehoboth Specialist Hospital- Port Harcourt,"2, WINNERS WAY, OFF AFAM STREET, D/LINE, PORT HARCOURT, RIVERS."
Rivers,Hilton Clinics,"2 EJIKWU WIKE CLOSE, OFF ADA GEORGE  BY WHIMPEY, ROAD, MILE 4, PORT HARCOURT."
Akwa Ibom,Samaritan Clinic/ Hospital,"7 EKONG UKO STREET, EKET"
Akwa Ibom,Cozar Specialist Hospital,"No. 6 Main School Road, Off Hospital Road, Eket"
Akwa Ibom,Domingo Specialist Hospital,"PLOT 9, UNIT E, BEN UDOH STR, EWET HOUSING ESTATE"
Akwa Ibom,Jeconiah Specialist Hospital,Uyo
Akwa Ibom,Unwanna Family Hospital,Uyo
Akwa Ibom,SAN DOMINIQUE HOSPITAL,Uyo
Akwa Ibom,NEDEKE CHILDRENS HOSPITAL,Uyo
Akwa Ibom,MFON ABASI MEDICAL CENTER,Uyo
Akwa Ibom,Majesty Hospital,"60, Wellington Bassey Way Uyo"
Akwa Ibom,Mount Olive Clinic and Maternity,Uyo
Akwa Ibom,Mainland Clinic And Hospital,Uyo
Akwa Ibom,Peace Medical Centre( UYO),Uyo
Rivers,Heroeland Specialist Hospital,"17 UNITY AVENUE  RUMUOKWUTA, BY PIN PLACE, NTA ROAD"
Rivers,Life Forte Specialist Hospital,"3 ORLU-WOSU STREET, OFF UOE ROAD, RUMUOLUMENI, PORT HARCOURT, RIVERS STATE"
Oyo,Momoh Memorial Hospital,"Idi Ope Aketan Baale, Oyo, Oyo State"
Oyo,Peamak Hospital and Maternity Centre,"Alalubosa Road, Oyo"
Akwa Ibom,Premier Medical Services,3 HIGH TENSION LANE
Akwa Ibom,ST. ATHANASIUS HOSPITAL LIMITED,Uyo
Cross River,Bakor Medical centre,"Calabar Municipality, Calabar. Cross River State"
Cross River,Arubah Specialist Hospital- isang iso,Calabar
Cross River,Goldie Clinic,Calabar
Cross River,Mambo Clinic Maternity and Diagnostics,12 ATAMUNU STREET CALABAR LGA
Cross River,Faith Foundation Specialist Clinic,"57, NDIDEM USANG ISO RD"
Cross River,Immanuel Infirmary,"1, ASSEMBLIES OF GOD RD, ARMY JUNCTION, IKOT EFFANG"
Edo,Faith Mediplex,Benin
Edo,Mount Gilead Hospital,Benin
Abuja (FCT),ZAMAN CLINIC & MATERITY LTD,"25, BABANGIDA ROAD, PHASE 1, FHA LUGBE, ABUJA."
Edo,Tona Hospital,Benin
Edo,Edi International Hospital,"1, CORONATION DRIVE, OFF AIDEYAN RD, GRA"
Edo,Ise Clinic & Maternity,"41, Textile Mill Road, Benin"
Edo,Life Medical Centre (Life Hospital),Benin
Edo,Oreste Medical Centre,Benin
Edo,Osula Royal Hospital,Benin
Edo,The Rock Hospital,Benin
Edo,St Philomena Catholic Hospital,"23 Dawson Rd, Avbiama 300271, Benin City"
Edo,Ekpen Hospital,Benin
Edo,Lily Hospital-BENIN,"17 Edo-Osagie St, Ogogugbo, Benin City"
Edo,Irele Ifijeh Hospital Limited,"22, Lucky Way, Benin"
Cross River,Arubah Specialist Hospital- Unical Road,Calabar
Oyo,Baptist Medical Centre,Saki
Ondo,Blue Print Specialist Clinic,"3 Falodun Avenue, Oke Ogun, Owo"
Benue,Benonil Hospital,"7, ZION STREET, WURUKUM, MAKURDI"
Benue,Madonna Health Services Limited,"BEHIND UNION BANK PLC,NEW BRIDGE OTUKPO ROAD,BENUE STATE"
Rivers,Princess Medical Center(Signature),No 5 Ndabros street Nkpogu Transamadi
Rivers,Shield Specialist Hospital Limited,"Plot4, Close D, Peace Valley Estate Transwoji Portharcourt"
Benue,First Fertility Hospital,Makurdi
Oyo,"The Pizzaz Hospital, Ibadan","along Lagos-Ibadan Bye-pass, Challenge Expressway"
Lagos,Lennox Hospital,Ajah
Lagos,NIDUS AQUILAE HOSPITAL,Ilupeju
Lagos,Everlife Hospital,Agbara
Abuja (FCT),PROCARE HOSPITAL,"SALIHU ILLIYASU STREET, LIFE CAMP"
Ogun,ANGEL & EAGLE SPECIALIST HOSPITAL,Ibara
Lagos,LUSCENT HOSPITAL,Lekki
Ogun,ACE MEDICARE CLINICS- Ota,Otta
Lagos,Palmville Hospital,"10 Mulikat Onisiwo Street, Igbo Oluwo Estate Jumofak Bus Stop, Ikorodu, Lagos"
Bauchi,REEMEE MEDICARE,Bauchi
Lagos,Cares and Cares Hospital ltd,Ojo-Okokomaiko
Rivers,Springs Medical Services Portharcourt,"458 IKWERRE ROAD,KALA B/STOP,RUMEPIRIKOM,P/HARCOURT"
Rivers,Garland Hospital,Port-harcourt
Rivers,Sterling Specialist Clinic,5 King Jaja Street Portharcourt
Taraba,Gateway Hospital,Jalingo
Rivers,Oasis specialist hospital-Port Harcourt.,"plot 1,block 2 ,Federal Housing Estate, Rumuodumanya"
Lagos,Mother Teresa Medical Centre,Ikotun -idimu
Lagos,Cri Medi Clinic- VGC,Lekki-Ajah
Lagos,AL-SADIQ HOSPITAL,Ketu
Lagos,Mazaf Medical Centre,"8 Macaulay street, mushin"
Lagos,St. Doris Memorial Hospital,9 Agbekolade Street Odi-olowo mushin
Rivers,Adanta Children Hospital,Port-harcourt
Imo,"IKENEGBU HOSPITAL, MATERNITY AND LABORATORY","PLOTS 11/13 PAT AMADI CRESCENT OFF OKIGWE ROAD LAYOUT, OWERRI"
Lagos,Critical Rescue International (CRI Medi clinic)-IKEJA,Ikeja
Rivers,Castle Clinic,Port-harcourt
Oyo,Gods Knot Hospital,"opposite dehass filing station, ologun eru, iyana kerin,ibadan oyo."
Lagos,Utmost care Hospital,Lakowe
Rivers,Magnum Nuvon  Medical Centre,Port-harcourt
Rivers,Shiloh Medical Care,Port-harcourt
Imo,SALVATION HOSPITAL- OWERRI,"38, MCC/URATTA ROAD"
Imo,FIRST CONCEPTS HOSPITAL,"Plot 111 ohaji by ihechuwa street, off MCC road owerri near Chukwuma  Nwaoha junction, behind St  John's lab."
Imo,Capital Health Hospital,"Plot 156A Hill -Top layout[along Spanish Kingdom Avenue],behind DANGOTE CEMENT DEPOT, ONITSHA ROAD, OWERRI."
Rivers,Cova Care Specialist Hospital and Endoscopy Centre,"No 8 Main Street, off Farm Road 2 G.U AKE Road Eliozu"
Rivers,NOXFORD HOSPITAL LIMITED,Port-harcourt
Rivers,ANSETT DIAGNOSTIC HOSPITAL LTD,"9 New Layout Drive , Oginigba, Trans-amadi"
Enugu,Royal Hospital,ENUGU
Enugu,Mount Carmel Hospital,"119 CHIME AVENUE NEW-HAVEN, ENUGU, ENUGU STATE"
Enugu,ANNUNCIATION SPECIALIST HOSPITAL,Enugu
Enugu,ST GABRIEL’S SPECIALIST HOSPITAL,Enugu
Enugu,Aickon Specialist Hospital (O&G Major),Enugu
Enugu,Akulue Memorial Hospital,"16/18 Akulue Road, Onuakachi Onuiyi"
Enugu,Niger Foundation Hospital,"5 PRESIDENTIAL CLOSE, INDEPENDENCE LAYOUT, ENUGU"
Abia,Springs Clinic,Aba
Abia,Rosevine Hospital,"1 SHALOM WAY OFF 70 ABA-OWERRI ROAD, ABA"
Abia,Ivory Hospital Limited,Aba
Abia,Simeone Specialist Hospital,Aba
Abia,Horstman Hospital,Aba
Abia,Romalex Hospital,Aba
Abia,Healing Cross Hospital,Umuahia
Abia,New Era Hospital Umuahia,"90B, Oji River Street off uwalaka by niger road,Umuahia"
Abia,St. Vincent Hospital,Umuahia
Abia,Maranatha Hospital,Umuahia
Lagos,United Heart Hospital and clinics Ltd,Victoria-Island
Cross River,Peace Medical Centre ( CALABAR),Calabar
Cross River,Mevon Specialist Hospital,"30,Akim Road, Calabar"
Cross River,Testimony Medical Consultants,Calabar
Rivers,HEALTH WISE HOSPITAL,Port-harcourt
Abuja (FCT),MEDFORD HOSPITAL LTD,"PLOT A144 KATAMPE ROAD MPAPE, beside ITV"
Abuja (FCT),THOMAS DAVID HOSPITAL AND MATERNITY,Lugbe
Abuja (FCT),MARY FRANCIS HOSPITAL,"NO. AREA 1K, ROAD 4,SECTOR F, CAR WASH, FHA, LUGBE"
Abuja (FCT),CHARITOS BO HOSPITAL,"Plot D22, Aco Estate, Opposite Godab Estate, life camp, Abuja, FCT, Nigeria"
Plateau,Federal Low cost Clinic,Jos
Lagos,Azygus Hospital & Maternity- Agbado,Agbado
Lagos,Funbi Medical Centre,Lagos- Abeokuta expressway
Lagos,Today Medicare,"37, owolabi omotoye street, off old ipaja road, iyana orile b/s agege"
Lagos,New Merit Hospital,Agege
Lagos,St. Monica's Hospital,Ayobo
Lagos,Evanson Medical Centre,Ifako ijaiye
Lagos,Iyalode Bisoye Tejuoso Hospital,"20/22 ilupeju byepass,ilupeju"
Lagos,Vigor Hospitals,Abijo
Lagos,Mother And Child Hospital- IKEJA,Ikeja
Lagos,Inton Paediatric Hospital,Ogba
Ogun,Broadland Hospital,Magboro
Lagos,Faith City Hospital- V/I,Victoria-Island
Lagos,Barnes Hospital,Victoria-Island
Lagos,St Everest Hospital,"3, Fatima Bintu Street, Sholebo Estate, Off Ebute- Igbogbo Expressroad, Ikorodu,"
Yobe,CITY MEDICAL CENTRE,DAMATURU
Enugu,GRESTIN CENTRE LTD,"Mt Carmel Hospital road, Enugu"
Ebonyi,St Theresa's Hospital and Maternity,18 Jemeni Street
Ebonyi,"GENESIS EAR ,NOSE AND THROAT CLINIC/GENERAL",Abakaliki
Ebonyi,CHRIST THE KING HOSPITAL,Abakaliki
Rivers,MORNING STAR HOSPITAL,19/21 Isiokpo  Street Dline
Rivers,BETHESDA FAMILY HOSPITAL,Port-harcourt
Rivers,MORNING STAR HOSPITAL ( ONNE ),95 Harbour Road
Rivers,Mina's Urological /Specialist Hospital,"House 25, Road 6, Freedom Estate off Sars Road"
Rivers,WESTHILL HOSPITAL,4 Wogu street Dline
Jigawa,ALBARKA CLINICS,"BEHIND INUWA DUTSE ESTATE,DUTSE"
Yobe,AJIKO MEDICAL CENTRE,DAMATURU
Yobe,POTISKUM  MEDICAL CENTRE,POTISKUM
Abuja (FCT),SANA CLINICS,"17 Madakiya Crescent, APO,  Abuja"
Rivers,Platinum premier Medical Center,Port-harcourt
Rivers,ONNE MEDICAL CENTER,Port-harcourt
Rivers,Rivportals Hospital,Agbeta Road opp Seven Day Adventist Onne
Rivers,HEALTHBRIDGE MEDICAL CONSULTANTS,Flat 1/A-B Abacha Road GRA Phase 3
Abuja (FCT),EVERLASTINGCARE HOSPITAL,"31, FIRST AVENUE, KADO ESTATE"
Rivers,NOBSAMS HOSPITAL,44 Trans-amadi Oginigba
Abuja (FCT),STEDMED SPECIALIST HOSPITAL,Karu
Abuja (FCT),SAFFRON HOSPITAL,NYANYA
Rivers,GOSHEN CLINIC,Port-harcourt
Abuja (FCT),MAYDAY SPECIALIST HOSPITAL AND MATERNITY,MARABA
Abuja (FCT),FRESH SPRING HOSPITAL,"No. 3 Yauri Crescent , off Jere Street, GARKI 2, ABUJA"
Abuja (FCT),SUMIT HOSPITAL,"Along Kogo 1 road, Bwari"
Abuja (FCT),FAMILYCARE 360 MULTICLINICS,GARKI
Abuja (FCT),GARNETCARE MEDICAL CENTRE,DAKWO
Abuja (FCT),JA EAGLE HOSPITAL,GWAGWALADA
Abuja (FCT),FIRST HOSPITAL AND MATERNITY LTD,JIKWOYI
Lagos,Father John Burke Hospital,"inside st. Ferdinand catholic church , boys town , Ipaja"
Rivers,AMAZING GRACE CLINIC,Port-harcourt
Lagos,Hartwell Hospital,Victoria-Island
Abuja (FCT),DE - MARYS CENTRAL HOSPITAL,"FHA, AFTER BABY LOVE SCHOOL, LUGBE"
Anambra,BEX MEMORIAL HOSPITAL,Onitsha
Anambra,RUSH GREEN HOSPITAL AND MATERNITY,Onitsha
Anambra,SEFTON SPECIALIST MEDICAL CENTRE,Awka
Anambra,ROCK FOUNDATION HOSPITAL,Awka
Anambra,BEACON HOSPITAL AND MATERNITY,10 Beacon Hospital street behind fidelity bank off enugu -onitsha express
Anambra,REGINA CAELI  SPECIALIST HOSPITAL AND MATERNITY,17 Regina Caeli Road
Lagos,X-Serve children's Hospital,"3  Godwin Okigbo street , masha, surulere ."
Anambra,ROCKVILLE HOSPITALS,10 Allen Street  ONITSHA
Rivers,DANFERD SPECIALIST HOSPITAL,Port-harcourt
Rivers,OLIVET CLINIC,Port-harcourt
Rivers,ATLANTIC MEDICAL CENTRE,76C EMEKUKU STREET DLINE
Rivers,WELLNESS HOSPITALS AND DIAGNOSTICS LIMITED,Adjacent Chicken Republic Elelenwo/Akpajor
Abuja (FCT),MEV SPECIALIST HOSPITAL,WUSE 2
Rivers,ASHFORD & PATRICE CLINIC LTD,Port-harcourt
Lagos,Geo-Marie Hospital,"35, Adepegba street, abule -egba, Agege"
Rivers,ST. MARTINS HOSPITAL,62 Stadium road
Abuja (FCT),QUEENS SPECIALIST HOSPITAL- ABUJA,"PLOT 224 MARTIN EJEMBI CRESCENT, DANKOLI JUNCTION, BY SHOPRITE, APO, ABUJA"
Rivers,ZITADEL MEDICALS AND DIAGNOSTICS( RIVERS),Port-harcourt
Rivers,EBONY  HOSPITAL,RUMUOLA
Lagos,Dasochris Hospital,Ikorodu
Rivers,SOPHIKE MEDICAL CENTRE,"Plot 9 Road 7 Federal Housing Estate off Peter Odili Road, Transamadi"
Lagos,GCEM Hospital,"47, Moleye street, off hughes avenue , Alagomeji b/stop, yaba"
Lagos,Regis and Reina Hospital,Yaba
Abuja (FCT),HOSPIMED CLINICS AND CHILDREN HOSPITAL,"PLOT 1294, BAMANGA TUKUR STREET, OFF ADESOJI ADEREMI STREET, GUDU, ABUJA"
Lagos,HighRocks Fetal Medicine and Genetic Diagnosis Centre- Lekki,Lekki
Lagos,Ilogbo Central Hospital,Ojo
Lagos,Bob Specialist Hospital,"22 OLUGBEDE STREET, OFF ORELOPE STREET, EGBEDA"
Cross River,Mt Zion Hospital,28B YELLOW DUKE STREET CALABAR
Lagos,Hovas Place Hospital,Festac-Town
Lagos,Mother Mary Hospital,"17 Ganiyu Sogunle St, Isaga Tedo,isolo, Lagos"
Lagos,Magodo Specialist Hospital,Magodo
Abuja (FCT),RESUSCITATE HOSPITAL,Gwagwalada
Ogun,Oladayo Medical Centre,Ogijo
Plateau,BINGHAM UNIVERSITY TEACHING HOSPITAL,"23, Zaria Bypass, Jos"
Oyo,St Macrina Hospital,Ibadan
Ogun,Mercy Group Clinics,Abeokuta
Lagos,The Peak-Mark Clinic,Akoka
Rivers,ST. HARRISON HOSPITAL,Port-harcourt
Lagos,Strategic Insight Healthcare (The Hospital),"""21,RAJI OLADIMEJI CRECENT,BESIDE PML FILLING STATION,OFF CMD ROAD MAGODO PHASE 2."
Lagos,Standard Life Care Hospital,"6, Oreniwon street off Agbe Road, Abule Egba"
Lagos,P & G MEDICAL CENTRE,ABULE EGBA
Lagos,Ola-Oki Medical Center,Badagry 
Niger,STANDARD HOSPITAL,Minna
Kaduna,ASHMED SPECIALIST HOSPITAL,Kaduna South
Lagos,GreenLife Hospital - Festac,Festac-Town
Lagos,GreenLife Hospital - Okota,Okota
Ondo,New day Medical Centre- Akure,"9,Owo Avenue Ijapo Estate , Akure, Ondo state"
Abuja (FCT),E - CLINIC OUTPATIENT UNIT (OPD),WUSE 2
Kaduna,NEW ERA HOSPITAL,Kafanchan
Kano,RELIANCE CLINIC AND MATERNITY,"237, TUNDUN MALIKI, OFF ZOO ROAD, KANO"
Abuja (FCT),ST RAPHAEL CHILDRENS HOSPITAL,"NO. 1, 69 ROAD, OFF 6TH AVENUE, ADKAN ESTATE, GWARINPA, ABUJA"
Benue,SANDRA HOSPITAL,"NO. 24, J.S TARKA WAY, BARRACKS ROAD, MAKURDI, BENUE STATE"
Rivers,STEVENSON MEDICARE HOSPITAL,28 IWOWARI AVENUE BY AEROPLANE DRIVE TRANSAMADI
Rivers,RIDCOL HOSPITAL (IGWURUTA),Port-harcourt
Rivers,RIDCOL HOSPITAL (DLINE),26 EMEKUKU STREET DLINE
Lagos,Renue Clinic,5TH AVENUE R CLOSE HOUSE 1 FESTAC TOWN LAGOS
Rivers,DE-ROCA MISSION HOSPITAL,Port-harcourt
Niger,BAY SPECIALIST HOSPITAL,"Plot 33 Tundun Wada ,Bay clinic road tunga minna"
Plateau,MAY HOSPITAL - SHENDAM,SHENDAM
Lagos,QuickCare Clinics  (by CRI),Idimu
Lagos,Mount Pisgah Hospital,Ikotun
Rivers,FIRST DOMINION MANDATE HOSPITAL,OMPADEC ROAD OFF AIRPORT OMUNOBO IGWURUTA
Rivers,MUJE CLINIC LTD,"Obio/akpor LGA,PORT HARCOURT"
Rivers,ST.JUDE MEDICAL CLINIC,Port-harcourt
Rivers,DOCTORS MEDIVILLE HOSPITAL,"4 CHIEF EJIMS STREET RUMUOMASI, PORT HARCOURT"
Lagos,INLAND SPECIALIST HOSPITAL- OGUDU,"153, Ogudu road, Ogudu, Lagos State"
Lagos,Reliance Family Clinics (RFC) - Gbagada,Gbagada
Gombe,SABANA SPECIALIST HOSPITAL,Gombe
Rivers,ST MARGT CLINICAL SERVICES,"2 BENSON STREET MGBUOSIMINI ,RUMUEME AGIP"
Lagos,Krystal Medical Centre,"15A, Emmanuel Keshi, Magodo, Lagos"
Lagos,Bridge Medicentre- Isolo,Mushin
Lagos,Micel Hospital,"4, Brown Street Soluyi, Gbagada"
Lagos,Dunia hospital,Agege
Lagos,SYD MONIC Hospital,"AGO PALACE WAY, OKOTA, ISOLO"
Abuja (FCT),LIFE POINT MEDICAL CENTRE - UTAKO,Utako
Abuja (FCT),LIFE POINT MEDICAL CENTRE - MPAPE,MPAPE
Nasarawa,LIFE POINT MEDICAL CENTRE - MARABA,MARABA
Borno,ABBOTT CLINIC,"18, DAMATURU ROAD, BIU, BORNO STATE"
Lagos,Prince of Peace Hospital- somolu,Shomolu
Lagos,Living Spring Hospital,Alimosho
Lagos,WestCare Specialist Hospital,"32, Samuel street, Akowonjo ,Egbeda"
Oyo,BetaLife Hospital - Agbowo,6 Adegbite St Agbowo opposite University of Ibadan
Lagos,Life Fount Medical and Diagnostic centre Ltd,Igando
Rivers,HEALTHCREST SPECIALIST  HOSPITAL,Port Harcourt
Lagos,Good Shepherd Catholic Hospital,Ikorodu
Lagos,Aruna Ogun Memorial Specialist Hospital,Ikorodu
Lagos,"CarePoint Hospital, Egbeda (Shefi Hospital)","7/9 Ogunlana street,off Akowonjo Road, Egbeda"
Benue,MOUNT ZION GATE HOSPITAL,OTUKPO
Benue,TBT HOSPITAL,GBOKO
Kaduna,FIRST CARE MULTISPECIALIST HOSPITAL (HEAD  OFFICE),"5. Alkali Road, Kaduna"
Osun,Emmanuel Specialist Hospital,E 27 Adeleke Obeyemi street
Lagos,Marien Hospital,Yaba
Lagos,Omni Medical Centre,"18, BOYLE STREET,ONIKAN, LAGOS"
Rivers,NEW MILE ONE HOSPITAL,Port-harcourt
Abuja (FCT),FONTANA MEDICAL CENTRE AND CHILDRENS HOSPITAL,GWARIMPA
Lagos,Periscope Hospital,Isheri-Olofin
Rivers,GBEYE HOSPITAL( OMOKU),OGBA EGBEMA NDONI/ OMOKU
Abuja (FCT),ROYAL ORTHOPAEDIC HOSPITAL,"7B Tema street, Wuse zone 6 Abuja"
Lagos,Cedar Care Hospital,"Ogombo Road, off Abraham Adesanya Roundabout, Ajah, Lagos State."
Ogun,Tor Dominion Medical Centre & Diagnostic Ltd,"KM2, Dominion Avenue, off ijoko Expressway, Beside Veevee Company,Sango ota, ogun state"
Kaduna,EPSILON SPECIALIST HOSPITAL,Barnawa
Rivers,TIM-GRACE CLINIC AND MATERNITY,Port-harcourt
Rivers,ST. PETERS CLINIC ( BONNY),19 New layout  Bonny River State
Oyo,Adeoye Hospital,Ibadan
Lagos,Blossom Hospital,"8, Martins street, Igbo-elerin, OJO, Lagos"
Lagos,FIRST HERITAGE MEDICARE SERVICES LTD. (FIRST HERITAGE HOSPITAL),"29/33, AYANTUGA STREET, OLORUNSOGO B/STOP, MUSHIN, LAGOS."
Delta,RAPHA SPECIALIST CHILDREN AND GENERAL CLINIC,85 AIRPORT ROAD EFFURUN DELTA STATE
Lagos,TrueCare Model Hospital,Epe
Lagos,Dee Goodnews Hospital,Orofun Bus stop
Delta,Kings Clinic - Warri,Warri
Delta,Celian Clinic,Ugheli
Lagos,STEVANS MEDICAL CENTRE,Ikorodu
Lagos,ALAFIAT HOSPITAL,Ketu
Lagos,The BrookHaven Hospital,"38B AJANAKU STREET OFF SALVATION ROAD, OPEBI"
Gombe,MADI MEMORIAL HOSPITAL,Gombe
Sokoto,CALIPHATE MULTISPECIALTY HOSPITAL,SOKOTO
Kwara,OLAOLU HOSPITAL,"173, MURTALA MUHAMMAD WAY, INDUSTRIAL AREA, ILORIN"
Kwara,ANCHORMED HOSPITAL,Tanke
Niger,BERITH SPECIALIST HOSPITAL - suleja,SULEJA
Lagos,Life Fountain Medical Centre,"41, Oyedele Oguniyi street, Anthony Village , Lagos"
Abuja (FCT),PAN RAF HOSPITAL,NYANYA
Lagos,Encee Medical Centre,Victoria-Island
Rivers,DELTA SPECIALIST HOSPITAL,Port-harcourt
Lagos,Mother and Child Hospital - Omole,Omole
Lagos,Life Guard Hospital,Ikorodu
Lagos,Adonai Medical centre,Surulere
Rivers,GENERATIONS SPECIALIST HOSPITAL,Port-harcourt
Ogun,Faramed clinics - Tollgate,Sango-Ota
Lagos,Crownrise Hospital,Ejigbo
Lagos,BMM Hospital,Mushin
Ogun,Lantos Specialist Hospital,"52, Adesan Road off Ofada Road , Mowe Ogun state"
Lagos,Med-in Specialist Hospital,"1/3 oshogbo street, ogudu ori-oke , ogudu- Lagos"
Rivers,Mizpah Medical Centre,"PLOT 54, FIRST ROAD, OFF LNG ROAD, AMADI-AMA RESIDENTIAL LAYOUT, AMADI-AMA."
Anambra,Prime Hospital Awka,"Amawobia, Awka"
Lagos,WestCare Specialist Hospital - Ejigbo,Ejigbo
Lagos,Havana Hospital,"115, Akerele street, surulere , Lagos"
Kwara,LIFE FOUNT HOSPITAL - ILORIN,"NO 3, PLANTATION ROAD, OFF POLICE ROAD, ILORIN"
Abuja (FCT),BISMOL HOSPITAL,NYANYA
Lagos,Center For Advanced Specialty Surgery (CASS),"9b Idejo St, Victoria Island, Lagos"
Kaduna,MANEKS HOSPITAL,MAKERA
Lagos,Medwin Hospital,"30 Bintu Street, off Ajayi Road,Oke-ira, Ogba"
Lagos,El- Dunamis Medical Centre- Egan,IGANDO-AKESAN- EGAN -OBADORE-IBA
Lagos,ST. TIMOTHY CATHOLIC HOSPITAL,"16, Otunba Street,  Ojodu - Lagos."
Lagos,JJANED SPECIALIST HOSPITALS,Lekki
Ogun,Gods Time Special clinic and Maternity centre,Idiroko
Rivers,BAREKE MEMORIAL HOSPITAL,"No.6 Afrique Close Opposite Emma Dominion School East west Road, Rumuekini Rivers State."
Abuja (FCT),HILLSHORE CLINIC,"32, LORD LUGARD STREET, ASOKORO, ABUJA"
Abuja (FCT),AGAPE BIOMEDICAL CLINIC,"PLOT 727, OGUNDAIRO STREET, HOLY FAMILY AREA, KUJE"
Kwara,Med Care Hospitals,"182 Pipeline Road, Ilorin, Kwara State"
Delta,OKPARAVERO MEMORIAL  HOSPITAL,159 Sapele warri road Sapele
Oyo,Momoh Memorial Hospital - ANNEX,"Sabo , Oyo state"
Oyo,Teju Specialist Hospital -Oyo,Oyo
Oyo,J-Rapha Hospital,"3A, Ladoke Akintola Street, off Aare, New Bodija Ibadan"
Enugu,MOUNT ZION MEDICAL CENTRE,9TH MILE
Benue,Pishon Women Specialist Clinic,Modern market
Benue,QUEENS CLINIC - MAKURDI,HIGH LEVEL
Benue,BISHOP MURRAY MEDICAL CENTRE,"Bishop Murray Medical Centre, P. O. Box 50, Makurdi, Near St.     Theresa’s Catholic Parish, Along Old Otukpo Road, High Level, Makurdi"
Akwa Ibom,EVERGREEN MEDICAL CENTRE,Ikot Ekpene
Enugu,RISTELA HOSPITAL AND MATERNITY,Enugu
Abia,TODAC CLINIC,61 OKIGWE ROAD ABA
Delta,LANA HOSPITAL,Sapele
Delta,DIVINE CARE HOSPITAL,Sapele
Enugu,ST DANIEL CONSOLATA SPECIALIST HOSPITAL,Enugu
Lagos,A'sRadiance Specialist Hospital,Alagbado
Lagos,Rolayo Medical Centre,Ikorodu
Lagos,Rolayo Medical Centre -Annex,Ikorodu
Enugu,EASTERN NIGERIAN MEDICAL CENTRE,30 Amaigbo Lane Uwani
Niger,MARABA HOSPITAL,SULEJA
Niger,FARY GROUP CLINICS,SULEJA
Benue,MYOM HOSPITAL,GBOKO
Lagos,Peaceful Health Hospital,"55, Ijagemo Road, off Shaki Bus-stop, Ijegun, Ikotun, Alimosho, Lagos State"
Abuja (FCT),LIVING STREAM HOSPITAL,"43/45, Street A, Phase I, off University Rd, Gwagwalada"
Benue,GENERAL HOSPITAL OTUKPO,OTUKPO
Benue,ST LUKES HOSPITAL (LIM CLINIC),GBOKO
Niger,LUCAS HOSPITAL AND MATERNITY,MADALLA
Anambra,CHIZARAM HOSPITAL  AND MATERNITY,12 ONWUKA STREET OKPUNOEGBU UMUDIM NNEWI
Abia,LIFE CARE CLINIC,Aba
Ogun,New Star Hospital,Mowe
Osun,Living Petals Medical Centre,"No. V. 75, Behind International Hotel, Fajube Close, Kajola Street, Imo - Ilesa. Osun State."
Lagos,Makog Hospital,Lekki FreeTrade zone
Rivers,ST CHARLES SURGERY,BONNY
Imo,ALPHA CLINIC AND MATERNITY,Owerri
Akwa Ibom,ROMIVIC SPECIALIST CLINIC,18 ISONG UDO ITO STREET OFF UQUA ROAD EKET
Bayelsa,ASUEIFAI HOSPITAL,Yenogoa
Ogun,Sodipo Medical centre,Ewekoro
Cross River,"COUNTY SPECIALIST HOSPITAL, IKOM",IKOM
Enugu,CHRISTIAN MIRACLE HOSPITAL,Enugu
Imo,IVORY CLINIC,OKIGWE
Kaduna,RAPHA SPECIALIST HOSPITAL,"32/33 Gongola road, Challawa Layout, Barnawa"
Lagos,Wind Of Grace Hospital And Maternity,5 Folarin Fatusin off Alhaji Agbeke street off Femi Kila Ago Palace way Okota Lagos.
Benue,ROYAL SPECIALIST HOSPITAL OTUKPO,OTUKPO
Abuja (FCT),AZRIEL PREMIER HOSPITAL,"Plot AHE 35, AMAC Housing Estate Airport Road ACO, Lugbe"
Abuja (FCT),FOXGLOVE MULTI-SPECIALTY HOSPITALS,"45 FOURTH AVENUE, FHA, GWARINPA"
Lagos,Havilah Hospital,Ajah
Lagos,Tender Touch Hospital,Shasha
Ogun,Ariset Medical Centre and ventures,Sango-Ota
Abuja (FCT),NOVA MEDI-CLINIC,"Suite 102/104, Crystal Palace Hotel, 29 Port Harcourt Crescent, Off Gimbiya Street, Garki Area 11"
Abuja (FCT),FORTE-ELLA SPECIALIST HOSPITAL,"Plot #4525, Behind Overcomers International School, Newsite Estate, FHA Lugbe, Abuja."
Kaduna,ALBA CLINICS AND MEDICAL CENTRE,Kaduna
Kano,STANDARD SPECIALIST HOSPITAL KANO,"NO 155, LAUTAI ROAD, TARAUNI, KANO"
Gombe,MIYETTI HOSPITAL,"federal low cost, along dukku park road, gombe"
Lagos,Our Friend Hospital,"10, Adepitan street off Haruna street college road Ogba Ifako-Ijaiye."
Abuja (FCT),GIBONNA WOMENS HOSPITAL,ABUJA
Ogun,Diamond Hospital,"4 Tipper Garage,  Ijako , Sango otta."
Imo,EZEM HOSPITAL,2 OSUJI STREET OWERRI
Lagos,KLEINBURG MEDICAL(dermatology and diagnostics)- Saka Tinubu,"6b Abimbola Awoniyi Close, Off Kasuma Ekemode Street, By Saka Tinubu, Victoria Island Lagos,"
Abuja (FCT),Vinca Hospital Limited,"Remkom 12, Adjacent NNPC Filling Station, Arab Road, Kubwa, Abuja"
Lagos,Bridge Medicentre- Victoria Island,Victoria-Island
Osun,Living Hope Specialist Hospital,"Parakin,   P.O. Box 947,   ile-Ife,    Osun State"
Lagos,Medibam Medical,Ejigbo
Lagos,BrentWood Medical centre,Ikorodu
Lagos,House of Julius Hospital,Ajao Estate
Lagos,Bloom Boom Paediatric Centre,"11A, CHIEF SAMUEL AJAYI ST, MAGODO GRA II"
Osun,M.O.T Memorial Hospital,Iwo
Delta,"GROUP CHRISTIAN MEDICAL CENTRE, WARRI","Inside Mosheshe Estate Airport Road P.M.B. 15 Effurun, Delta, Warri, Nigeria"
Edo,BENIN MEDICAL CARE LIMITED,53 ADESUWA GRAMMAR SCHOOL RD GRA  BENIN
Rivers,GBEYE HOSPITAL (AHOADA),AHOADA
Rivers,GBEYE HOSPITAL ( PORTHARCOURT),Port-harcourt
Lagos,Togelah Medical Centre,Awoyaya
Lagos,Geo Medical Centre,"12 subairu street, Ladipo Bus stop, Shogunle, off Agege Motor Road, oshodi, Lagos"
Rivers,TRUVINE SPECIALIST HOSPITAL,IGWURUTA ALI
Abuja (FCT),TRAUMA MULTI-SPECIALIST CENTRE,"Trauma Center Building, UATH Compound, Specialist Hospital Road, Gwagwalada Abuja."
Abuja (FCT),ALFOL CARDIOLOGY CLINIC,"CBD, ABUJA"
Lagos,New Evolution Hospital,OKOTA-AGO PALACE-ISOLO-IYANA-ISOLO-EJIGBO-AMUWO-CE
Lagos,Longe Medical Centre,Ifako-Ijaye
Ogun,MedicPlus Specialist Hospital,"Omu Arogun Junction, Ofada Road, Mowe/Ofada, Mowe"
Rivers,DIVINE TOUCH SPECIALIST HOSPITAL,Port-harcourt
Abuja (FCT),BORIS CLINICS LTD,"PLOT F12, CADASTRAL 0705, KUBWA, ABUJA, FCT"
Abuja (FCT),MEDICROWN HEALTH CENTRE,KARSHI
Abuja (FCT),ALLIED SPECIALIST HOSPITAL,Allied Specialist Street  Back of EcoBank Gwagwalada Abuja
Abuja (FCT),MODELCARE HOSPITAL,Jabi
Abuja (FCT),KEFAT MEDICAL CENTRE,"House 30, Road 21, Babangida Area, FHA, Lugbe"
Lagos,OH Prime (Occupational Health Prime ),"13A, John Vic igboanugo street, Lekki Phase 1"
Akwa Ibom,UWAKMFON CLINICS AND HOSPITAL,Uyo
Rivers,PAN OJ CLINIC,68 MISSION ROAD BONNY ISLAND
Niger,DHA SPECIALITY CLINICS,SULEJA
Lagos,Living Well Hospital,"Km 5, Itoikin Road, Beside Taramed Filling Station, Parafa"
Ogun,Kingsword Hospital,Akute
Lagos,Ago Medical Centre,Isolo
Edo,AGHO CLINIC,22 IHIAMA ROAD BY MAT ICE GRA BENIN CITY
Abuja (FCT),Broadacres Medical & Aesthetic Clinic,"CBD, ABUJA"
Edo,BETHEL FAITH MEDICAL CENTRE,Benin
Lagos,Siloan Hospital,Ejigbo
Lagos,Landmark Hospital,Ikorodu
Lagos,St Williams Hospital,Alimosho LGA
Lagos,Mercy Stripes Specialist Hospital,Shasha
Abuja (FCT),JOJE HOSPITAL,Apo
Delta,QUINS  CLINIC,Warri
Niger,ZUMA TOTALCARE HOSPITAL,SULEJA
Niger,RAYBIRTH HOSPITAL,SULEJA
Oyo,Lad Medical Center,"N1 Lad Hospital Street,Beside Police barracks,Orita Challenge, IBADAN"
Lagos,Funto Hospital,Surulere
Lagos,Davestar Hospital,IJEGUN-ISHERI OSUN-IKOTUN-WHITE SAND
Delta,DELTA PROCARE HOSPITAL,"Ugbomro/okuatata,Effurun"
Kano,"465 NAF HOSPITAL KANO, AIPRORT ROAD",Sabon Gari
Lagos,Tolu Hospital,"71, AYO-ALABI, STREET, OKE-IRA, OGBA, IKEJA, LAGOS"
Lagos,Outreach Hospital- Agege,"157, IJUROAD, FAGBA BUS STOP, BESIDE ECO BANK, OPPOSITE OANDO FILLING STATION, IFAKO IJAYE, LAGOS"
Lagos,TopTee Medical Center,"40 Ogunlana Drive , Surulere."
Lagos,Chygorcole Hospital,Abule-Egba
Lagos,Blue Crescent Hospital,Ikorodu
Rivers,BEULAH SPECIALIST HOSPITAL,Port-harcourt
Lagos,Abbys Paediatric Care,Omole
Rivers,IMMANUEL LIFE DIALYSIS CENTRE,D/line
Delta,JEROU CLINIC AND MATERNITY LTD.,Akume drive beside Agofure motor park Sapele/Warri road Sapele
Lagos,Tola Crescent medical centre,Akoka
Adamawa,PEACE HOSPITAL - YOLA,"2,luggere street beside saint theresa catholic church jimeta yola."
Abuja (FCT),TABITHA MEDICAL CENTRE,"Plot 35, ICS Drive, Dakibiyu Jabi, by International Community School, Abuja."
Bauchi,ALBISHIR CLINIC,Bauchi
Katsina,GENERAL HOSPITAL MANI,MANI
Lagos,Bloomingcare Hospital(dental&optical),"30 Baale Animashaun road, Adebayo bus stop, Alakuko bus stop off Lagos -Abeokuta expressway, lagos."
Kogi,CARECREST SPECIALIST HOSPITAL AND FERTILITY CENTRE,Lokoja
Abuja (FCT),MAYFIELD HOSPITAL,"51, MAIN STREET, SUNCITY ESTATE, ABUJA."
Lagos,Ire Anu Hospitals,Ikorodu
Delta,DOMINION CARE MEDICAL CENTRE,4 Valentine Olise street off Achugbue street Obiaruku
Rivers,Prestige Hospital and Maternity Ltd,Plot 3 Elijiji Street opposite Shining Light Fast food Rukpokwu Port Harcourt
Oyo,Oyomesi hospital,"No 61,  Tokunbo Ojo Street, Orogun , Ibadan,"
Rivers,NOBLE MEDICAL CONSULTANTS AND FERTILITY CENTRE,"2, Love close, off Odaranwere road, opp Larritel Hotels, Mgbuoba, Port Harcourt, Rivers state."
Lagos,Alalade Hospital,"67, Oshodi/Abeokuta way, Dopemu, Lagos"
Lagos,Kings Court Hospital,BEFORE LUCKY FIBRE BUS STOP
Lagos,owolola Bethel Hospital,"2, SEMIU TIAMIYU STREET HILL-TOP ESTATE, PIPELINE,"
Lagos,Paulate Hospital,Alagbado
Oyo,Bodmed Clinics and Neurological center,"No 6A Sariyu Adebisi street, off moremi street, off Aare Avenue , New bodija , Ibadan"
Lagos,Dans Medical Care,"Irawo bus stop, off ikorodu road"
Imo,CHAPEL GROUP HOSPITAL,Owerri
Ekiti,Afe Babalola Multisystem Hospital (ABUAD),Ado Ekiti
Lagos,May Clinics Ltd- Ilasamaja,Ilasa
Lagos,May Clinics Ltd- Ilupeju,20 Sura Mogaji Off Coker Road Ilupeju
Kaduna,JOWAKO SPECIALIST HOSPITAL,"G 8 / 9 JOS ROAD, OFF AHMADU BELLO WAY, KADUNA NORTH"
Rivers,ORTHOPLAST SURGICAL CONSULTANT LIMITED,Port-harcourt
Rivers,OBANI CLINIC,G.R.A PHASE II
Lagos,D Better Life Medical -Isheri,Isheri-Olofin
Lagos,D Better Life Medical -Ijegun,Ijegun
Lagos,D Better Life Medical - Ikotun,Ikotun
Lagos,DaySpring Specialist Hospital - Ikotun,"IKOTUN-IJEGUN-EGBE-LIASU ROAD,EJIGBO-JAKANDE-ISOLO"
Lagos,DaySpring Specialist Hospital - Ajah,Ajah
Lagos,DaySpring Specialist Hospital -Egbe,Egbe
Imo,ST DOMINIC'S HOSPITAL,ABOH MBAISE
Abuja (FCT),TRUST CHARITOS HOSPITAL,"PLOT 879/880 IDRIS IBRAHIM CRESCENT, OFF OBAFEMI AWOLOWO WAY, JABI"
Imo,ST JOSEPH MEDICAL SERVICES,ABOH MBAISE
Niger,CHARLES HEALTHCARE,SULEJA
Nasarawa,MOJILLA HOSPITAL LIMITED,"BESIDE UCHE STEPHEN STREET,ASO ROAD,KARU LGA,NASARAWA STATE"
Niger,TEEKAY HOSPITAL,SULEJA NIGER STATE
Zamfara,AREWA HOSPITAL AND MATERNITY,GUSAU
Kogi,GRIMARD CATHOLIC HOSPITAL,ANYIGBA
Kogi,NEIGHBOUR MULTICARE HOSPITAL AND WOMEN WELFARE CENTRE,ANYIGBA
Jigawa,ALKHAIR HOSPITAL,DUTSE
Lagos,LIFEVILLE HOSPITAL,Ejigbo
Lagos,HEALING VIRTUES HOSPITAL,IPAJA-AYOBO-ABESAN-GOWON ESTATE- BARUWA-COMMAND
Lagos,AGAPE MEDICAL CENTRE,IPAJA-AYOBO-ABESAN-GOWON ESTATE- BARUWA-COMMAND
Lagos,OSBORN HOSPITAL,EJIGBO-EGBE-JAKANDE-OKE-AFA-ISOLO-CELE-EGBE-IDIMU-
Akwa Ibom,HOLIFIELD  SPECIALIST HOSPITAL,Eket
Kogi,REHOBOTH SPECIALIST HOSPITAL,"Second Gate of Phase II Estate, (opposite Harmony Schools) C/O P.O Box 293, Lokoja, Kogi state."
Lagos,CHARIS MEDICAL CENTRE,Bariga
Cross River,SANCTA MARIA CLINIC,INDUSTRIAL LAYOUT ABAKPA OGOJA
Rivers,ALPHONSO HOSPITAL,18 ELELENWO-WOJI ROAD ELELENWO PORTHARCOURT
Bayelsa,FAMILY CARE HOSPITAL,"Yenagoa, Bayelsa State"
Rivers,ST MARY MOTHER OF MERCY HOSPITAL,Port-harcourt
Nasarawa,PINECREST SPECIALIST HOSPITAL - ABUJA,KARU
Lagos,A-Harmony Hospital,Badagry 
Lagos,Frankcity Hospital,Igando
Kwara,LIFELINE HOSPITAL,"No 15, sokoto road sabo-oke Ilorin"
Lagos,Patol Medical Centre,Olodi-Apapa
Kaduna,GARDENCITY SPECIALIST HOSPITAL,"NO 2, SULTAN ROAD UGWAN RIMI, GRA"
Nasarawa,VICAR CLINIC,"Vicar Clinic Road, Kabayi Mararaba, Karu LGA, Nasarawa State"
Lagos,Hopewell Hospital,"20, ONAYEMI ERINKITOLA CLOSE, BEHIND JANE NATH COLLEGE, OFF NBC ROAD, EBUTE, LAGOS"
Akwa Ibom,SHELTERE'D SPECIALIST HOSPITAL,Uyo
Delta,OUR LADY OF NIGERIA CATHOLIC HOSPITAL,"Igbimidaka, Oghara Delta state"
Lagos,St Anthony's hospital and maternity,Ikorodu
Lagos,Primefort Hospital,"Road 1, Ikota Bustop, Beside Ikota Primary School Lekki(opp Lekki County Homes)"
Kano,SUMAR SPECIALIST CLINICS,Farawa qtrs
Kaduna,MONARCH HOSPITAL,No 13 Ribadu Road U/Rimi Kaduna
Kaduna,ABI HOSPITAL AND CLINIC,Kaduna North
Lagos,Marigold Hospital and Critical Care Centre,Surulere
Rivers,Beulah Clinic and Diagnostic Centre,AHOADA
Lagos,Vineyard Hospital,IDIMU-EJIGBO-ORISUNBARE-SHASHA-ISHERI-EGBEDA
Lagos,Coscare Hospitals,"WHITE HOUSE, 41, EJIGBO ROAD, OPPOSITE ABEOKUTA STREET, IDIMU Lagos."
Lagos,Ogunmodede Memorial Hospital,Ikotun
Ogun,Springsworth Specialist Hospital,"1, Ifedapo Avenue off Ascon Road,sowo, ibafo, Ogun state"
Lagos,Medol Clinic,Shomolu
Delta,BREMA HOSPITAL,Kwale
Lagos,Joedan Hospital Limited,"3, Lagos Badagry Express Road, Orile Iganmu, Orile"
Benue,FOUNDATION MEMORIAL HOSPITAL,Makurdi
Zamfara,DAULA HOSPITAL,GUSAU
Plateau,OASIS MEDICAL CENTRE,"#75/C3 YAKUBU GOWON WAY IGI BUILDING JOS, PLATEAU STATE."
Gombe,MUSABA MEDICAL CENTRE,DUKKU
Zamfara,RAMA HOSPITAL,GUSAU
Nasarawa,BLESSED TRINITY HOSPITAL,MARABA
Niger,LIBERTY HOSPITAL,SULEJA
Lagos,Omolewa Medical centre,Ojodu-Berger
Lagos,Trust in God Medical Centre,Volks
Lagos,Great Foundation Hospital,Ikorodu
Ogun,Standard Life Care Hospital- Ijoko,Ijoko
Rivers,Standardcare Health Solution,32 Khana street D/line Port Harcourt.
Rivers,Kasomene Faith City Hospital,"5 Shell Location road off Iwofe , Portharcourt"
Akwa Ibom,Neon Health Services Limited,Akwa Ibom State
Kaduna,MENDS SPECIALIST HOSPITAL & AVIATION MEDICAL CENTRE,Kaduna
Sokoto,SHEPHERD SPECIALIST HOSPITAL,SOKOTO
Rivers,Bariel Medical Center,"Km 5, EAST-WEST EXPRESSWAY, ALETO, ELEME - PH RIVERS STATE"
Sokoto,ASHMED SPECIALIST HOSPITAL - SOKOTO BRANCH,RAHAMAANIYYA
Rivers,FAMO CLINIC,Eleme
Kebbi,ASHMED SPECIALIST HOSPITAL - KEBBI BRANCH,BIRNIN KEBBI
Zamfara,ASHMED SPECIALIST HOSPITAL - ZAMFARA BRANCH,GUSAU
Lagos,El Shaddai Hospital,IBA-ALABA-OJO-OKOKOMAIKO-IYANA-IBA-IYANA ISASHI-IY
Ogun,Kolade Specialist Hospital,"1, Isola Olaotan Street off, Iyana Joju Road. Otta"
Lagos,Betta Hospital,Agege
Abuja (FCT),CHIRA SPECIALIST HOSPITAL,Zone 6
Rivers,Heritage Medicare Hospital,"Plot 3 Heritage Avenue , Ndubuisi Estate by Afam road Oyigbo, Rivers state"
Kogi,BETHEL HOSPITAL,ANKPA
Rivers,Anchor Hospital,"Km 15 Eleme junction, Port harcourt"
Edo,Faithdome medical centre,Ekpoma
Rivers,Denovo Hospital,"No 3 Denovo Close by Mofigo Filling Station Off Eneka Rukpokwu Road,Port Harcourt Rivers State"
Kaduna,ASHMED SPECIALIST HOSPITAL - GAMJI,Kaduna
Kaduna,ASHMED SPECIALIST HOSPITAL - ZARIA,Kaduna
Kaduna,ASHMED SPECIALIST HOSPITAL - KAWO,Kaduna
Lagos,Panox Hospital,AMUWO-FESTAC-OKOTA-AGO PALACE-MILE 2-SATELLINE TOW
Lagos,Naveen Healthcare,"213B Corporation drive, Dolphin estate, Ikoyi Lagos."
Lagos,GreenLife Hospital -Ilupeju,Obanikoro-Ilupeju
Ogun,Sacred Heart Hospital,Abeokuta
Ogun,Springhill Hospital,Mowe
Rivers,Clarisage  Medical Consults,Ahoada
Kaduna,ST GERARD CATHOLIC HOSPITAL,"Kachia road, Kakuri, Kaduna"
Plateau,GWASH EPJ SPECIALIST HOSPITAL,Jos
Plateau,THE POTTERS SPECIALIST HOSPITAL,Jos
Abuja (FCT),GARKI HOSPITAL,"Tafawa Balewa Way, Area 8, Garki"
Edo,Edo Specialist Hospital,"Plot 2 SAPELE ROAD, BENIN CITY."
Kaduna,BASMAH MEDICAL CLINIC,Sabon Gari
Kaduna,BASMAH MEDICAL CLINIC - BOMO,BOMO
Delta,Ogiame Ikenwoli Hospital,WARRI
Lagos,Sirona Hospital,"1ST AVENUE, N CLOSE, HOUSE 9, FESTAC TOWN, LAGOS"
Lagos,Choice of Kings Specialist Hospital,Ajah
Lagos,Upsillon Care hospital,"1, Abayomi Kukoyi Street, Osapa London Lekki"
Lagos,Living Heart Specialist Hospital,Lagos Island
Abuja (FCT),ANCILLA CATHOLIC HOSPITAL - KADO,KADO ESTATE
Ogun,Gods Apple city Hospital,Mowe
Lagos,Gods Apple city Hospital - Ojodu,"No 32, Isheri-Holiday Inn, Off Oyaleke Taiwo street, Off Aina street, Grammar school bus-stop, Ojodu-Berger, Lagos state."
Lagos,De-Lakeland Imperial Hospital,Ikorodu
Ogun,BeachLand Specialist Hospital  - Annex,"156, Mowe-Ofada Road (Former Ofada-Mokoloki LCDA Office) Mowe Ogun State"
Kaduna,First care Multi Specialist Hospital (Station Branch),FORMER ISHAKU HOSPIATL BUILDING
Kaduna,First care Multi Specialist Hospital (Zaria Branch),Zaria
Zamfara,First care Multi Specialist Hospital (Zamfara Branch),"NO 2 Sani Abacha Road, beside GT bank, CAC Buildin"
Kebbi,EQUITY HOSPITAL,BIRNIN KEBBI
Rivers,April Hospital,300B Uniport Road Ozuoba Portharcourt
Ogun,Queens Hospital - Ilaro,Ilaro
Rivers,Ponyx Hospital,plot 26 Presidential Estate road GRA 3 Portharcourt
Lagos,Paelon Memorial Clinic- VGC,VGC/AJAH
Lagos,Akanbi Hospital,Ayobo ipaja
Lagos,Akanbi Hospital -Annex,"30, Oluwaga Avenue Ipaja Ayobo"
Lagos,St Angelas Hospital,"IGBOJIA ROAD, SHAPATI,IBEJU LEKKI LAGOS"
Rivers,Health Fountains Hospital,Port Harcourt
Kano,PREMIER CLINICS - KANO,Kano
Lagos,MayFlower clinics / Hospital,"14, bankole street, Isheri       magodo"
Ogun,St Lukes Specialist Hospital -Ijebu ode,Ijebu-ode
Lagos,Fafty Clinic,Ilupeju
Lagos,Goodseed clinics,Ajao Estate
Lagos,Azir Healthcare,Ketu
Plateau,First care Multi Specialist Hospital (Jos Branch),"NO 4 MARIAM PAM DRIVE, OPP OLD GOVERNMENT HOUSE JUNCTION, RAY FIELD JOS, PLATEAU STATE"
Abuja (FCT),BLUEIVY MEDICAL CENTRE,WUSE II
Lagos,Pinecrest Specialist Hospital - Lagos,Oshodi
Rivers,Nissi Medical Centre,Port Harcourt
Rivers,De-mysticare hospital,"5 ROAD 7 RUMUNDURU NEW LAYOUT (OFF FARM ROAD), RUMUNDURU PORT HARCOURT"
Lagos,His Glory Hospital,Orile
Ogun,Fad Specialist Hospital,"Plot 7, Al-Firdaus Estate, Arepo"
Ogun,KIngsmill Hospital,Ajagun area ibafo
Kwara,DIGIT CARE SPECIALIST HOSPITAL,"5, Abiola Badmus street, off Atiku road, behind cottage hospital, Adewole Estate, Ilorin"
Delta,MASCAP HOSPITAL,Warri
Lagos,BlueLime Hospital,Festac-Town
Ondo,Christbay Consultants,Akure
Rivers,URIEL CARE HOSPITAL,"6 AKPAN EDET CLOSE, PANAMA ESTATE, OFF PETER ODILI ROAD, PH"
Lagos,Kowa Hospital,"5, Ladipo oluwole street , off Adeniyi Jones , Ikeja"
Enugu,Livingston Specialist Hospital,"19 Ituku Street, Upper Chime, New Haven, opposite Federal Neuropsychiatric Hospital, Enugu Enugu"
Lagos,Obitoks Hospital,Alimosho
Imo,FAMILYCARE SPECIALIST CLINICS AND MATERNITY-OWERRI,Owerri
Lagos,Carnamed Specialist clinic,"Ogudu mall first floor,"
Abuja (FCT),MEDICOM RENAL AND DIALYSIS CENTRE,"NO 23 ONA CRESCENT OFF LAKE CHAD,MAITAMA,ABUJA"
Lagos,Ingress Hospital,"188 Borno Way, Ebute Metta"
Lagos,Healing Touch Hospital,42 OLUDEGUN AVENUE IRE-AKARI ESTATE ISOLO
Oyo,Zoe Specialist Mission Hospital,"4 ADEOGUN STREET, OFF ALAAFIN AVENUE, OLUYOLE ESTATE, IBADAN"
Lagos,Good Tidings Hospital,Surulere
Abuja (FCT),NILE VALLEY MOTHER AND CHILD HOSPITAL,"PLOT 602, DAVID JEMIBEWON CRESCENT, OFF OLADIPO DIYA ROAD, GUDU"
Abuja (FCT),SISTERS OF NATIVITY HOSPITAL,"Off Jikwoyi-Karu express way, Karu Abuja."
Abuja (FCT),BERITH SPECIALIST HOSPITAL - kubwa,"No 7 S.E Asher Drive, Along power line, Dutse Alhaji, Kubwa FCT"
Delta,Mascap Hospital limited -Sapele,"34, Adeola road Sapele Delta State"
Rivers,The Riverside Clinic Port Harcourt,port hacourt
Lagos,Oxford Healthplus Hospital,"164 Ogunlana Drive Surulere, besides Zenith bank"
Lagos,ULTIMA MEDICARE HOSPITAL,"3, Cappa Avenue Palmgrove Estate, Lagos"
Lagos,LifeShade Hospital and Medical Facilities LTD,"3 Oshonigbehin street , off Awolowo way , Ikorodu, Lagos"
Imo,Cradle&Mum Specialist Hospital,Owerri
Rivers,Queen of Peace Hospital,Port Harcourt
Rivers,Nectar Medical  and Fertility Clinic,Port Harcourt
Ogun,S & S Memorial Hospital,"3, SANNI AREWA STREET OFF OMOLEYE B/STOP OGIJO OGUN STATE"
Lagos,Queen Stella Specialist  Hospital,"20 Waidi Adeyemi Street, Akesan, Igando, Lagos."
Ogun,Ire Ayo Hospital,Ijebu Ife
Rivers,Eli Johnson Specialist Hospital,Port Harcourt
Abuja (FCT),BRIGHTERLIFE HOSPITAL,131 FCDA qtr . Bwari
Rivers,ALTHAHAUS MEDICALS LTD,Obio-Akpor
Lagos,The Pearls Specialist Medical Centre,"9, Olawale Onitiri Cole Avenue, off Admiralty Road, Lekki 1, Lagos."
Lagos,Sentinel Hospital -Mushin,"19, SADIKU STR, PAPA-AJAO, MUSHIN, LAGOS"
Lagos,Sentinel Hospital -Isolo,Isolo
Lagos,Dennis Ashley Hospital,"Landmark Towers, Oniru Estate Water Corporation Road"
Rivers,Spring Rose hospital,Port Harcourt
Rivers,Sonocare Clinics,"3C GEORGES CLOSE, OPPOSITE CHRIST EMBASSY CHURCH, NKPOGU, PORT HARCOURT."
Rivers,PAEDIATRIC & MATERNAL CARE HOSPITAL,Port Harcourt
Lagos,Healing Land Hospital & Maternity,Ojo
Delta,Radahbay Hospital,Warri
Delta,Tabowei Medical centre,Kwale
Delta,The Ark Clinic,"1 Fairview Estate drive, fairview estate Eneebua road Warri"
Lagos,Udan's Medical,Ajah
Delta,St Rebecca's Hospital,Asaba
Abuja (FCT),Foresight Clinic,"No 7 Thabal tseka street, wuse2"
Akwa Ibom,Divine Love  Hospital,"Divine Love Hospital, Utu Ikot Imonte, Etim Ekpo LGA, Akwa Ibom State, Nigeria."
Rivers,First  Care Medical Services,"Y- JUNCTION BY M|N|-ORLU ROAD, MGBOAKARA, OFF ELIOPARANWO, OFF ADA GEORGE ROAD, PHC."
Rivers,First  Care Medical Services-Old GRA,"NO. 2 ASARAMA STREET, OLD G.R.A., PORT HARCOURT"
Lagos,Reliance Family Clinics (RFC) - Lekki,"113 Hakeem Dickson Street, Lekki Phase 1"
Lagos,BLUIRAYS HEALTHCARE SERVICE LIMITED,"2, Jimoh Tiamiyu Street, Addo roundabout, Ajah Lagos"
Lagos,MEDIPLUS PREMIER HOSPITAL,Ikorodu
Rivers,PATFARE HOSPITAL,"Km 18, Airport Road, Rukpokwu"
Rivers,Jodan Specialist Hospital,"No 1 Hospital Avenue , RD 12 Rumuahorlu new layout, Rumuahorlu Portharcourt"
Kano,BEST CHOICE SPECIALIST HOSPITAL,NO 488 SABUWAR GANDU QUARTERS
Plateau,TOP NOTCH MEDICARE HOSPITAL,"No. 1 Kufang valley, Off Miango road, opposite Nigeria Customs Service Senior Officers' Mess"
Lagos,MEC HEALTH FAMILY HOSPITAL,Alimosho
Lagos,MEC HEALTH FAMILY HOSPITAL,"90A, Old Otta Road, Meiran area, Iyana-ekoro, Alimosho."
Abuja (FCT),Medirest Health Consulting Nigeria Limited,No 8 Linda Chalker Crescent
Benue,EMORY SPECIALIST HOSPITAL,"124 abuking shiluwa road, near E division police station, Akpehe road"
Lagos,FAMOUS HOSPITAL - NEW,"OPP , LFTZ , Tiye Town , Lekki Free Trade Zone,"
Lagos,Cosan Hospitals,"NO, 6 Ola Balogun Street, Behind LG Primary School, Igbe-Laara, Ikorodu Lagos"
Lagos,Reddington Multi-Specialist Hospital - IKEJA,"39, Issac John Street, Ikeja G.R.A."
Imo,Uchenna Specialist Hospital,"10/12 Enwereuzor Crescent, Umuoyo Irete, Owerri West LGA, Imo State."
Anambra,St Charles Borromeo hospital,"1 LIMCA ROAD ONITSHA, ANAMBRA STATE"
Kwara,MAXIHEALTH HOSPITAL,"No 6, minna Road , by Henry George roundabout, Adewole Estate"
Rivers,Nnihi Medical Centre,No 3 Ibe street  Royal Estate Road One. Rumuaghorlu
Lagos,Trinity Rock Hospital and Maternity,NO 6 Trinity Drive Igboelerin Ojo Lagos State.
Rivers,Olunwa Medical Centre,NO 4 AMADI AMA LAYOUT RAINBOW TOWN PORT HARCOURT
Lagos,Kingtrust Medical Center,"105, Ogunlana Drive, Surulere lagos."
Lagos,PEAK HEALTH HOSPITAL,Iyana Ipaja
Rivers,St Anne's Memorial Hospital,Oyigbo
Rivers,Radiance Hospital,"11 Birabi Street Opposite St. Jude's military Church, GRA Phase 2"
Lagos,DONAS HOSPITAL AND MATERNITY,Ikorodu
Imo,Zinna Hospital and Maternity,"14 L.N Obioha Road, Umuna, Orlu, Imo State"
Oyo,INTENSIVE SPECIALIST MEDICAL CENTER,"NO 7 SHADOW CRESCENT, OFF OLOGUN-ERU IDO ROAD, OLOGUN ERU, IBADAN"
Abuja (FCT),MENOVAS CONSULTANT CLINICS,"Plot 53 Road B Bentell Villa Estate Gaduwa District, Lokogoma."
Lagos,Mobonike Hospital and Maternity home,"33, Surulere Street Baale Bus Stop Dopemu"
Lagos,KHAIRO DIET CLINIC (VIRTUAL AND PHYSICAL CONSULTATIONS),"15, Modupe Johnson Crescent, Off Adeniran Ogunsanya Street, Surulere. Lagos"
Abuja (FCT),EHA CLINICS LIMITED - ABUJA,"Plot 944, Asba and Dantata Street, Old Gwarimpa Road, Off Life Camp Junction, Jabi Abuja."
Kano,EHA CLINICS LIMITED - KANO,"33 Lamido Crescent, Nassarawa GRA"
Kaduna,Family Care Specialist Hospital and Maternity,"No 54 bourdiene road, narayi highcost,Kaduna"
Lagos,Great New World Hospital,Ilasamaja
Lagos,Careway Hospital,"Akonwonjo,dopemu,egbeda,iyana-ipaja,idimu,ikotun,i"
Lagos,Santos Medical Centre,"No 3, Oyemade Street, Santos Layout, Akowonjo, Lagos."
Edo,Echos Hospital,"5. Benin Technical College Road , Benin"
Rivers,MORNING STAR HOSPITAL- BONNY,"No 75 King Perekule Street, Bonny Island Rivers state"
Ogun,Rufina Catholic Medical Centre,"80 Ilisan  road Ipru- Remo, Ogun State"
Rivers,El Bene hospital,OBIO/AKPOR L.G.A/ PORTHARCOURT
Lagos,Grandville Medville and Laser,"76, Femi Ayantunga street off Adelabu, Surulere, Lagos"
Lagos,J & J CALVARY HEARING AND SPEECH CENTRE,"8 Sura mogaji street,off coker road, Ilupeju"
Cross River,Kreitton Care Hospital,"12, Ebed Residential Estate, Asari Eso street, Calabar, Cross River state"
Rivers,Veckron Hospital,"21 Orlu Street, Majesty Estate Opposite Dominion City Church Off NTA Road, Ozuoba Port Harcourt"
Ogun,Jericho hospital Ogun,"8, Ewupe road off Ilogbe road, off Oluomo carwash, Oju Ore Ota, Ogun state"
Ogun,Nathaniel  Health Consulting,"23b Badaru street off Agbo Igbala street Matogun, Ogun State"
Lagos,LADE HOSPITAL,"17, Olatunji Ige Street, Ikosi ketu"
Lagos,Evolution Hospital,"16-18 Falilat Ojolowo Street, CPI Bus Stop, Gberigbe, Ikorodu, Lagos"
Niger,Mark's Care Hospital,"Behind Enyo Filling Station,Kaduna Road Junction. Barki-Iku Suleja. Niger State."
Kogi,DANDARS Specialist Eye Clinic,"Gains plaza, No 2 Marine road, Lokoja"
Lagos,Kena Hospital,"11/13 BEN OMOJA STREET, TRINITY BUS STOP OKOKOMAIKO OJO LAGOS."
Lagos,UPTOWN MEDICAL CENTRE,"60, AGBADO ROAD IJAIYE OJOKORO LAGOS"
Osun,Osogbo Central Hospital,"Adjacent Nawarudeen Grammar school, Ibokun road, Oke-Bale, Osogbo."
Lagos,Adebayo Specialist Hospital,IKOTUN
Delta,Jah Ropheka Hospital,63b Jakpa road opposite Okoloba junction Effurun Delta state
Lagos,FIRST U-TURN HOSPITAL,ABULE EGBA
Kano,Divine Grace Specialist Hospital,"Khalid Haladu Sani Street, Shago Tara, Jaba, Off Airport Road, Kano."
Lagos,Sabo Crown Hospital - OJO,"Oniba Dr. Chinwuba Anameje St, Ojo 102111, Lagos"
Akwa Ibom,CEDAR AND OLIVE CLINIC,"62 Port Harcourt street, Abak"
Edo,Hope Clinic,"3 MFM road Jattu Uzaire, Etsako west LGA Edo state"
Lagos,New Alpha Medical Centre,Ipaja
Lagos,Sabo Crown Hospital - FESTAC,"Plot 1772, 7th Avenue, Opp F Cls Festac Lagos state."
Lagos,M-CRED HOSPITAL,Ikorodu
Rivers,Erlings Childrens Hospital,"35 NTA/ APARA LINK ROAD , OFF EAST/ WEST ROAD, RUMUIGBO NEW LAYOUT PORT HARCOURT."
Rivers,PEACE VALLEY HOSPITAL,"7 kwemegbu street off Ntelue road Rugbochi ,Ogbogoro"
Lagos,Light Shade Hospital,NO 12 OYEBOLA TIAMIYU STR OFF DANIEL BIGHORO STR OSHIN AYOBO
Kaduna,Day Crystal Clinic,"6A Makera Road, Kakuri"
Oyo,BANBY SPECIALIST HOSIPTAL,"PLOT 11 BLOCK XLII AKOBO ESTATE BESIDE CHICKEN OLORUNBA ABAA ROAD, AKOBO, IBADAN REPUBLIC"
Kaduna,Giltooe Aris Specialist Hospital,"NO 3 BARNAWA CLOSE BARNAWA, KADUNA"
Oyo,West Wind Hospital and Maternity,"No. 6, Segun Oriola street, Eleyele Ibadan."
Delta,Group Christian medical centre -Asaba,"NO. 3 Shirlet Onyemenem Street, Okpanam (Opposite Federal Ministry of Agriculture Office) Delta State"
Lagos,"R-Jolad Hospital, Agege [Salem House]","Plot 23/24 Omotoye Estate Road off Ipaja Road, Mulero Bus-Stop, Orile-Agege, Lagos."
Osun,Seventh Day Adventist Hospital,"PMB 5513 Idi Omo Lagere, Ile Ife."
Rivers,Pharez spring Diagnostic and wellness Hospital,"1 MARGISTRATE COURT ROAD FOT/FLT ROAD ONNE BESIDE MODEL PRIMARY HEALTH CENTRE, 1 MARGISTRATE COURT ROAD FOT/FLT ROAD ONNE BESIDE MODEL PRIMARY HEALTH CENTRE"
Oyo,GOODTIMES MEDICAL CENTER,"7 ALAADUN ESTATE, BESIDE POSIT COLLEGE, ARULOGUN ROAD, OJOO, IBADAN."
Lagos,Hanoville Specialist Hospital,"14, Iyere Okojie Crescent, off Oloyede St, Ndike B/S Obawole"
Rivers,Elena Cares Hospital,Chief James Jephthah by Virus crescent off Sars road Portharcourt
Lagos,Life Pillar hospital,"4 King David Avenue, Ijagemo Ojo"
Lagos,Jibol Medical Centre,"119, Tolu Road, Olodi-Apapa."
Abuja (FCT),Kid's care hospital,"No. 5 Effiong Anwanaodung Street off Witty Kids School Road, Mararaba"
Oyo,Ona Ara Hospital,plot 29 Olorungbeya street Jegede Akanran road Ibadan
Lagos,D Lawrence Clinic,"50, Ikorodu Road, Jibowu, Yaba, Lagos."
Oyo,Zenith Care Hospital,"No 126,  Opposite Bovas Filling Station, Oluyole Extension, Ibadan"
Rivers,Reliance Family Clinic - Port Harcourt,"No. 3 Rumuola link Road, opposite women of faith Church, port Harcourt"
Lagos,ANDROMEDA HEALTHCARE SERVICES,"4B Babatunde Oki street, off town planning way, Illupeju, Lagos"
Lagos,Avo Eri Clinic,"15 Payne Cresent, Apapa, Lagos"
Lagos,"Barbinton Medical Centre, Ketu","9 Samuel Anibaba Street, Iyana School Bus stop, Ketu, Lagos"
Lagos,Bethel Women Hospital,Ikeja local government Area
Rivers,Krisany  Medical Services,5B Asinobi /agudama street Dline
Delta,Wingate Hospital,OKPE LGA
Rivers,Belanka Children Hospital,"4 OASIS GARDEN ROAD,  OFF GNESCOPE STREET, RUKPAKWULUSI, PORT HARCOURT"
Rivers,Success Life Specialist Clinic,"House 5, close D Avenue, Federal Housing Estate,  Agip, Rumueme, Port Harcourt."
Kwara,Delouse Multispecialist Hospital,Delouse Multispecialist Hospital beside chicken republic Offa garage Ilorin
Ogun,Faith Shield  Hospital,"15 GASLINE ROAD, GASLINE CDA ESTATE, MAGBORO, Ogun State"
Lagos,GOD’S COVENANT HOSPITAL,KOSOFE/OWORONSHOKI
Lagos,SOLAD MEDICAL CENTRE,16 MARIA STREET BARUWA IPAJA LAGOS
Lagos,Ericon clinic and maternity,"8, Ladipo close off trinity bus stop olodi-apapa lagos"
Akwa Ibom,Blue Gloves hospital,"No. 2 Sylvanus Okon Street, Off Edet Akpan Avenue, Uyo, Akwa Ibom State"
Akwa Ibom,Wedsan Clinic and Urology service,Oron L.G.A
Kano,KANO HOSPITAL PHARMACY AND DIAGNOSTIC CENTRE,"1133, KABUGA SATELLITE EXTENSION, TUDUN YOLA"
Delta,Lake Land Specialist Clinic,"No.2, Kingsley Otuaro Drive, Mosheshe Estate, Off Airport Road, Effurun, Delta State"
Abuja (FCT),Shamras Hospital and Diagnostic centre,"Plot 16,14 road, off 1st avenue, Gwarimpa"
Abuja (FCT),Reliance Family Clinic - Abuja,48 Yaounde street wuse zone 6
Lagos,Perez Medcare,"No 39A Castle Rock Avenue, Osapa London, Lekki, Lagos"
Rivers,Marina Hospital,"Chief Odum Close , off number 1 ogbuga street Ogbumnabali, Portharcourt"
Akwa Ibom,Mediques Plus Hospital,"H22 Ewet Housing Estate, Uyo"
Lagos,DORCAS HOSPITAL,"4, Adeola |Adewale Street, Akesan Bus Stop, Along Lasu Igando Expressway, Lagos."
Akwa Ibom,Pinnacle Hospital,"10 Quality Ceramics road, Afaha Obong Itam, Itam Police station"
Taraba,Danny's wellness clinic,"GRA along specialist hospital road, Jalingo Taraba State"
Oyo,Jubilee Hospital,"No 1, Samonda Business Complex, Behind Trade Fair Complex , Opp Ventura Mall, U.I - Sango Road, Ibadan , Oyo State"
Ogun,Iyiola Medical Center,"4, Adebiyi Shittu street, Durodola crescent, Okanlawon, Olambe, Ogun state"
Lagos,Tonajib Hospital,"46, Maria Ibironke Street, Pako Bus stop, Ikotun, Lagos"
Abuja (FCT),"Jowako Specialist Hospital, Abuja","Plot 5 ICS Drive, Dakibiyu, Jabi, Abuja"
Lagos,Dovaheights Dialysis Center,"23b Bashorun Okunsanya Street, Off Admiralty Road, Lekki Phase 1"
Lagos,St Claver Hospital,"1 SALAMI OLONADE STREET, ISHERI MAGODO ROAD. LAGOS"
Ogun,Redemption Hospital,"3, Redemption Avenue, Beside Deeper-Life CampGround, Sabo, Sagamu, Ogun-State"
Ogun,Real cure Hospital,"Plot 119 Mowe-Ofada road, opposit Asolo /hig school, Mowe"
Rivers,C. Bennett Specialist Hospital,"100 Shell Location Rd, By Open Doors Church Rd, Port harcourt"
Ogun,Anu olu Poly Clinic,"25, sokabi street off ode remo, isara remo, ogun state."
Lagos,FASANMI CLINIC AND MATERNITY HOME,5/7 OLORI STREET SHOGUNLE OSHODI LAGOS
Oyo,Best Western Hospital,"5, Oyebaniji Street,off Winner's way, Basorun, Ibadan"
Lagos,Best Friend Hospital,"25, Wole Madariola street,off Enitan  street, Aguda, Surulere,Lagos"
Ondo,Goshenland Hospital,"Km 3, Beside Wesely University Ife Road Ondo"
Ogun,Lotto Central Hospital,"7, AMINU KOLADE STREET, LOTTO, MOWE, OGUN STATE"
Rivers,Foundation Clinic,No 1 Foundation close off palace close Omoku
Lagos,Absolute care hospital,"2 Musari Apena street, off airport road, ikeja"
Lagos,Eucalyptus health services,"53 Oritshe street, off Obafemi Awolowo way, Ikeja, Lagos"
Enugu,ROSA MYSTICA  HOSPITAL,"2B Bishop Onyeabor street, GRA ENUGU"
Lagos,Jericho hospital Lagos,37A Ayodele street Mafoluku Oshodi
Lagos,Ae-aima hospital,Ibukunoluwa house Macaulay b/s igbogbo baiyeku road ikorodu
Lagos,X-serve Children Hospital Lekki,"House 3c Chevron alternative route, Beside Waterbrook school, opposite Rhema church"
Lagos,Divine care Hospital,"9 Rabiu Street sabo oniba, ojo alaba Lagos"
Lagos,Dalet Medical service,"Road 1, Sunview Estate, Sangotedo, Lagos"
Lagos,OPELOYERU HOSPITAL,"Itele Digbaloye ,maya,ikorodu Lagos state."
Lagos,Rainbow Specialist,11C BABATUNDE ANJOUS LEKKI PHASE 1
Lagos,His stripes hospital,"19, Savage Street, Orile Iganmu, Lagos"
Lagos,Heilung Kreuz Hospital,"KM 42 Lekki-epe Expressway, Savannah Supermarket building, Awoyaya, Lagos"
Enugu,St Leo Hospital,57 Nike Lake Road Trans-Ekulu Enugu
Oyo,Ayoola Modupe Olatunde Memorial Hospital,"No 1 Kongi Street, New Bodija, Ibadan"
Adamawa,Kwaya Clinic and Maternity,"12 Rivers Street, Badirisa"
Abuja (FCT),Divine Winners Medical Centre,"No. 85, Zone 2, First Gate, Dutse Alhaji"
Lagos,EL-RHEMA VISION HOSPITAL,"PLOT 441,41 ROAD OPPOSITE PALMVILLE COLLEGE GOWON ESTATE PONLE BUS -STOP EGEBDA LAGOS STATE"
Lagos,Isuti medical,"16, Steve Igbasan street, vulganizer bus stop, off Isuti road, Egan. Lagos state."
Abuja (FCT),Dawaki Medical Centre,"Opposite LEA Primary School, Dawaki"
Lagos,Prime care hospital,Plot 30c Alternative route off Chevron Drive Lekki Lagos opp Madam Juliana's estate gate
Lagos,Onyems B Hospital,"16, Oba Daudu Street Opposite Ojo LGA Ojo, Lagos"
Lagos,ICONIC CARE HOSPITAL,"N0, 75 ISUTI ROAD OPPOSITE QUEEN MARIS COLLEDGE EGAN LAGOS"
Lagos,BIODEX MEDICAL CENTRE,"Beside Onimedu Police Station, Eleko Road, Ibeju-Lekki"
Cross River,DANEX MEDICAL CENTRE,UGEP
Rivers,Princess Medical Center (Classic Wing),"3B Ndahbros  street Nkpogu, Trans Amadi"
Abuja (FCT),"Our Lady Of Fatima Catholic Hospital, Bwari","Ushafa Road, Bwari, Bwari Area Council"
Gombe,Annur Medical Centre,"No. 1 Street Anguwan Alheri, along Workers Village Road Ashaka, Gombe State"
Gombe,"Police Clinic, Bajoga","Along Gombe-Potiskum Road, Bajoga"
Oyo,Tofunmi Medical Centre,"Adjacent Ola-Sheu Filling Station, old Ife Road, Ibadan"
Gombe,"Danfodio Medical Centre, Bajoga","No 2 Tike Road, Bajoga, F.K.Y. LGA"
Lagos,De Victory Life Specialist Hospital,":  15, ILUPEJU ESTATE ABULE-EKO IJEDE, IKORODU, LAGOS STATE"
Lagos,Sacred Heart Clinic,"26 PELEWURA CRESCENT, APAPA"
Rivers,Ranez Medical Consultants,18 Jessy and Jenny road off Peter Odili Tran-Amadi PortHarcourt
Rivers,Almighty Favour Hospital,"#1B RUKPAKWULUSHI JUNCTION, EAST/WEST ROAD BY ELIOZU FLYOVER PH."
Cross River,Holy Family Hospital Ikom,Beside Holy Family Catholic Parish
Rivers,Patricare Hospital,48 Mgbuoshini road Agip Rumueme Port Harcourt
Ogun,Olufunmi Specialist Hospital,Plot XVI Adegboyega Street Asero Estate
Oyo,Montana Medical Center,"No.7 Kajegbo street, Opposite Chicken Republic Elewura Bustop, Challenge, Ibadan"
Ogun,Ewekoro Hospital,"44/46 Ibokuru Road, off Ejio Road, Arigbajo, Ewekoro LGA"
Abia,Living Word Mission Hospital,"5/7 Umuocham  road Aba, Abia State"
Oyo,Tristate Healthcare System,Idi Ape
Adamawa,provider onboarding,Lagos
Ekiti,Police Cottage Hospital,"Adjacent Ekiti State Library, Okesha"
Ekiti,"Living Well Hospital, Ikole Ekiti","No 2 Alaafia Street, Asin, Ikole Ekiti"
Ekiti,Olives Specialist Hospital,"Plot 5, Neatr Tinuola Maximum School, Afao Road, Ado Ekiti"
Ekiti,Ademolawe Hospital,"Ademolawe Hospital Road, Irode Qtrs, Ikole Ekiti"
Abuja (FCT),Chem Health & Diagnostic Center,"Plot 1673, Lakeside Resort, Celina Ayom Crescent, Kado"
Kwara,Leah Medical Center,Ilorin
Adamawa,"New Life Hospital, Mubi","Lokuwa Ward, Mubi North"
Kogi,Divine Mercy Clinic,"Along Federal University Road, Adankolo, Lokoja"
Lagos,De-overcoming grace hospital,"No 1, Abisogun Estate, Opposite Simple Star Hotel, Amukoko, Lagos"
Kwara,Gentleman Abdulsalam Memorial Hospital,"Along Adesoye College, Igosun road, Offa."
Ekiti,Liberty Hospital,"Ekiti State Housing Corporation Estate, Okeila, Ado Ekiti"
Benue,OTIA Hospital,"No. 1 Kano Street, Otukpo"
Ondo,Tim Unity Hospital,"Oke-orire close Opp. FCMB Olukayode House, Oluwatuy Road, Akure, Ondo State"
Lagos,Evangel Hospital,Abule -Egba
Rivers,Alvera Hospital,"20 Bishop Dimieri Street, GRA Phase II, Port Harcourt, Rivers State."
Oyo,Oniwunmi Hospital,"Abayomi Street, Abayomi Bus stop, Iwo Road"
Lagos,Eternal Life Hospital,"31 Iganmu Road, Sari-Iganmu, Orile, Lagos"
Anambra,Chibuzor Hospital,NO 34 Orlu Road Ekwulobia.
Akwa Ibom,Fulcare Medical Consultancy,15bEkpanya street Uyo Akwa Ibom
Rivers,Mercyland Specialist Hospital,"Opposite Conoil Petrol station near Nkpolu Junction, East West road PortHarcourt."
Kwara,Kiddiz Medical Centre,"223 WESTERN RESERVOIR ROAD, OLORUNSOGO, ILORIN"
Niger,Spring Valley Hospital,"14 Abdullahi Adamu street, off Alhassan Bako Drive,G.R.A., Suleja"
Abuja (FCT),Legend Hospital,"No.4 Ambrose Umaru Street, Dukpa Road, opposite Sharia Court, Gwagwalada"
Nasarawa,Dalhatu Araf Specialist Hospital,"Shendam Road Lafia, opposite higher court, Nasarawa State"
Kwara,Abike Memorial Clinics,"386 Olofa Wayy, opp. Oja Oba, Offa"
Lagos,FELLOWSHIP HOSPITAL,"9, OLIYIDE STREET, OFF UNITY ROAD, IKEJA"
Lagos,Bio-Batam Maternity and Hospital,"53, Tijani street, Iyana-Ipaja, Lagos State"
Plateau,Marysol Hospital,"Kwang Delimi, Along Rayfield Resort, Lamingo Road, Jos"
Abuja (FCT),Capital Health Surgical Center,"Plot 982, Cadastral Zone C02, Gwarinpa District 1, Life Camp"
Ekiti,Supreme Faith Hospital,"Opposite Eco Bank beside Fayose market, Ajilosun Street, Ado-Ekiti"
Ogun,Owolabi Specialist Hospital,"10 Liasu Atilola Street Peaceland Estate,Jolasco Akute, Ogun State"
Delta,Lonia Clinic and Maternity,143 Ekete DSC Express Way Ovwian-Warri.
Ogun,Jomapet  Hospital,"61 Yawoele road, Dreamsville estate , Ajuwom-Akute"
Cross River,Victoria Medical Center,101 Ndidem usong Iso/ Marian Road Calabar
